Date,Name,Year,Letterboxd URI,Rating,Rewatch,Tags,Watched Date
2022-09-30,August Rush,2007,https://boxd.it/3h0KPh,1.5,,,2010-06-21
2022-09-30,Elf,2003,https://boxd.it/3h0KBf,1.5,,,2010-09-29
2022-09-30,Rango,2011,https://boxd.it/3h0JSJ,1.5,,,2011-08-31
2022-09-30,Sucker Punch,2011,https://boxd.it/3h0LsX,1.5,,,2011-09-29
2022-09-30,The King's Speech,2010,https://boxd.it/3h0Kaj,3,,,2012-03-17
2022-09-30,Salt,2010,https://boxd.it/3h0Lpz,0.5,,,2013-03-15
2023-03-07,Scream,1996,https://boxd.it/3WWQln,4.5,,,2013-07-26
2022-09-30,Iron Man 2,2010,https://boxd.it/3h0JYd,1,,,2013-08-26
2022-09-30,E.T. the Extra-Terrestrial,1982,https://boxd.it/3h0LgH,1.5,,,2013-08-26
2022-09-30,50 First Dates,2004,https://boxd.it/3h0KEN,2,,,2013-09-14
2022-09-30,Dirty Dancing,1987,https://boxd.it/3h0Loh,1,,,2014-09-14
2022-09-30,We're the Millers,2013,https://boxd.it/3h0KgV,3.5,,,2015-09-14
2022-09-30,Circle,2015,https://boxd.it/3h0KzD,2.5,,,2015-09-27
2023-03-07,Waiting...,2005,https://boxd.it/3WWND9,2.5,,,2015-10-22
2023-03-07,The Fifth Element,1997,https://boxd.it/3WWPev,4,,,2016-02-26
2022-09-30,The Imitation Game,2014,https://boxd.it/3h0KmT,3.5,,,2016-08-26
2022-09-30,The Ring,2002,https://boxd.it/3h0KyZ,1.5,,,2016-09-14
2022-09-30,TRON: Legacy,2010,https://boxd.it/3h0JKF,3,,,2016-09-29
2022-09-30,Captain America: Civil War,2016,https://boxd.it/3h0KFV,1.5,,,2016-09-29
2022-09-30,Death Becomes Her,1992,https://boxd.it/3h0JFP,3,,,2016-11-25
2023-01-01,Romeo + Juliet,1996,https://boxd.it/3CE20X,2.5,,,2017-06-15
2022-09-30,Valerian and the City of a Thousand Planets,2017,https://boxd.it/3h0Kol,1.5,,,2017-06-21
2022-09-30,The Interview,2014,https://boxd.it/3h0Kwp,1,,,2017-09-14
2022-09-30,Napoleon Dynamite,2004,https://boxd.it/3h0KJ9,0.5,,,2017-09-14
2022-09-30,The Babysitter,2017,https://boxd.it/3h0KOj,1.5,,,2017-09-14
2022-09-30,Bright,2017,https://boxd.it/3h0L1R,1,,,2017-09-14
2022-09-30,Alice Through the Looking Glass,2016,https://boxd.it/3h0Kuj,1,,,2017-09-29
2022-09-30,Wonder Woman,2017,https://boxd.it/3h0KRH,2.5,,,2017-09-29
2022-09-30,Beetlejuice,1988,https://boxd.it/3h0Lq3,3,,,2018-03-22
2022-09-30,Spider-Man: Homecoming,2017,https://boxd.it/3h0KoP,3.5,,,2018-05-21
2022-09-30,Deadpool 2,2018,https://boxd.it/3h0L1H,4.5,,,2018-06-21
2022-09-30,Mute,2018,https://boxd.it/3h0K7z,3,,,2018-07-05
2023-03-07,The Man from U.N.C.L.E.,2015,https://boxd.it/3WVaFD,4.5,,,2018-07-21
2022-09-30,Shrek,2001,https://boxd.it/3h0JZP,2.5,,,2018-08-17
2022-09-30,Jumanji: Welcome to the Jungle,2017,https://boxd.it/3h0Kpt,0.5,,,2018-08-27
2022-09-30,Thor: Ragnarok,2017,https://boxd.it/3h0KG5,5,,,2018-08-27
2022-09-30,Guardians of the Galaxy Vol. 2,2017,https://boxd.it/3h0KLp,2,,,2018-08-27
2022-09-30,Father of the Year,2018,https://boxd.it/3h0L8N,0.5,,,2018-08-27
2022-09-30,Fast Times at Ridgemont High,1982,https://boxd.it/3h0LgR,0.5,,,2018-08-27
2022-09-30,Tropic Thunder,2008,https://boxd.it/3h0Lp5,0.5,,,2018-08-27
2022-09-30,Pretty Woman,1990,https://boxd.it/3h0JE3,2,,,2018-08-28
2022-09-30,(500) Days of Summer,2009,https://boxd.it/3h0JF1,2,,,2018-08-28
2022-09-30,Wild Child,2008,https://boxd.it/3h0JFl,4,,,2018-08-28
2022-09-30,The Proposal,2009,https://boxd.it/3h0JFZ,4,,,2018-08-28
2022-09-30,Blended,2014,https://boxd.it/3h0JJx,0.5,,,2018-08-28
2022-09-30,Clueless,1995,https://boxd.it/3h0JN5,3,,,2018-08-28
2022-09-30,Hercules,1997,https://boxd.it/3h0JST,3.5,,,2018-08-28
2022-09-30,The Parent Trap,1998,https://boxd.it/3h0JUP,3.5,,,2018-08-28
2022-09-30,Practical Magic,1998,https://boxd.it/3h0JV9,5,,,2018-08-28
2022-09-30,We Need to Talk About Kevin,2011,https://boxd.it/3h0JYR,4,,,2018-08-28
2022-09-30,Easy A,2010,https://boxd.it/3h0K1r,3.5,,,2018-08-28
2022-09-30,Bad Teacher,2011,https://boxd.it/3h0K1L,2,,,2018-08-28
2022-09-30,How to Be Single,2016,https://boxd.it/3h0K25,1,,,2018-08-28
2022-09-30,Deadpool,2016,https://boxd.it/3h0K6r,5,,,2018-08-28
2022-09-30,10 Things I Hate About You,1999,https://boxd.it/3h0K8d,5,,,2018-08-28
2022-09-30,Just Go with It,2011,https://boxd.it/3h0KaN,1,,,2018-08-28
2022-09-30,Warm Bodies,2013,https://boxd.it/3h0Kbh,1,,,2018-08-28
2022-09-30,Friends with Benefits,2011,https://boxd.it/3h0Ke1,1,,,2018-08-28
2022-09-30,The DUFF,2015,https://boxd.it/3h0Kft,1,,,2018-08-28
2022-09-30,Moonrise Kingdom,2012,https://boxd.it/3h0KiH,4,,,2018-08-28
2022-09-30,This Is 40,2012,https://boxd.it/3h0Kj1,3,,,2018-08-28
2022-09-30,Carrie,2013,https://boxd.it/3h0Klh,3.5,,,2018-08-28
2022-09-30,Pitch Perfect,2012,https://boxd.it/3h0KlB,2.5,,,2018-08-28
2022-09-30,What Women Want,2000,https://boxd.it/3h0Kmz,0.5,,,2018-08-28
2022-09-30,About Time,2013,https://boxd.it/3h0Ko1,5,,,2018-08-28
2022-09-30,Big Hero 6,2014,https://boxd.it/3h0Kov,4,,,2018-08-28
2022-09-30,Focus,2015,https://boxd.it/3h0KqB,0.5,,,2018-08-28
2022-09-30,The Heat,2013,https://boxd.it/3h0Krz,1,,,2018-08-28
2022-09-30,The Princess Diaries,2001,https://boxd.it/3h0KsH,3.5,,,2018-08-28
2022-09-30,Legally Blonde,2001,https://boxd.it/3h0KsR,3.5,,,2018-08-28
2022-09-30,Sweet Home Alabama,2002,https://boxd.it/3h0Ku9,1,,,2018-08-28
2022-09-30,The Girl Next Door,2004,https://boxd.it/3h0KuX,1,,,2018-08-28
2022-09-30,Kingsman: The Secret Service,2014,https://boxd.it/3h0KwJ,3,,,2018-08-28
2022-09-30,Mike and Dave Need Wedding Dates,2016,https://boxd.it/3h0Kx3,0.5,,,2018-08-28
2022-09-30,Love Actually,2003,https://boxd.it/3h0KzX,2.5,,,2018-08-28
2022-09-30,"Game Over, Man!",2018,https://boxd.it/3h0KDF,3.5,,,2018-08-28
2022-09-30,13 Going on 30,2004,https://boxd.it/3h0KDZ,1.5,,,2018-08-28
2022-09-30,The Princess Diaries 2: Royal Engagement,2004,https://boxd.it/3h0KIv,3,,,2018-08-28
2022-09-30,Click,2006,https://boxd.it/3h0KLJ,0.5,,,2018-08-28
2022-09-30,Wedding Crashers,2005,https://boxd.it/3h0KM3,1,,,2018-08-28
2022-09-30,Get Smart,2008,https://boxd.it/3h0KON,0.5,,,2018-08-28
2022-09-30,Hot Fuzz,2007,https://boxd.it/3h0KOX,5,,,2018-08-28
2022-09-30,Enchanted,2007,https://boxd.it/3h0KTD,4,,,2018-08-28
2022-09-30,Forgetting Sarah Marshall,2008,https://boxd.it/3h0LcZ,1,,,2018-08-28
2022-09-30,She's Out of My League,2010,https://boxd.it/3h0Lfp,0.5,,,2018-08-28
2022-09-30,Sixteen Candles,1984,https://boxd.it/3h0Lkf,1,,,2018-08-28
2022-09-30,Pretty in Pink,1986,https://boxd.it/3h0LnD,1,,,2018-08-28
2022-09-30,Overboard,1987,https://boxd.it/3h0LoB,1.5,,,2018-08-28
2022-09-30,Big,1988,https://boxd.it/3h0Lqd,0.5,,,2018-08-28
2022-09-30,27 Dresses,2008,https://boxd.it/3h0Lt7,0.5,,,2018-08-28
2022-09-30,As Good as It Gets,1997,https://boxd.it/3h0JTn,4,,,2018-08-29
2022-09-30,Sliding Doors,1998,https://boxd.it/3h0JTx,4.5,,,2018-08-29
2022-09-30,Seeking a Friend for the End of the World,2012,https://boxd.it/3h0K2p,0.5,,,2018-08-29
2022-09-30,Big Daddy,1999,https://boxd.it/3h0K6h,1,,,2018-08-29
2022-09-30,She's All That,1999,https://boxd.it/3h0Kcz,3,,,2018-08-29
2022-09-30,But I'm a Cheerleader,1999,https://boxd.it/3h0Kjv,5,,,2018-08-29
2022-09-30,Tammy,2014,https://boxd.it/3h0Knx,0.5,,,2018-08-29
2022-09-30,Wet Hot American Summer,2001,https://boxd.it/3h0Ksd,0.5,,,2018-08-29
2022-09-30,V for Vendetta,2005,https://boxd.it/3h0KPV,1.5,,,2018-08-29
2022-09-30,The Rocky Horror Picture Show,1975,https://boxd.it/3h0L97,4.5,,,2018-08-29
2022-09-30,Mamma Mia!,2008,https://boxd.it/3h0Lcb,3.5,,,2018-08-29
2022-09-30,The Danish Girl,2015,https://boxd.it/3h0LeV,4,,,2018-08-29
2022-09-30,Tootsie,1982,https://boxd.it/3h0LhF,1,,,2018-08-29
2022-09-30,Sunshine Cleaning,2008,https://boxd.it/3h0LiD,3,,,2018-08-29
2022-09-30,"Angus, Thongs and Perfect Snogging",2008,https://boxd.it/3h0LrF,0.5,,,2018-08-29
2022-09-30,The Hitman's Bodyguard,2017,https://boxd.it/3h0Klr,3,,,2018-08-30
2022-09-30,G.B.F.,2013,https://boxd.it/3h0KrT,2,,,2018-08-30
2022-09-30,Pride,2014,https://boxd.it/3h0KAh,4,,,2018-08-30
2022-09-30,Kingsman: The Golden Circle,2017,https://boxd.it/3h0KTX,2.5,,,2018-08-30
2022-09-30,Megamind,2010,https://boxd.it/3h0JDT,4,,,2018-08-31
2022-09-30,The Silence of the Lambs,1991,https://boxd.it/3h0JFv,2.5,,,2018-08-31
2022-09-30,Up,2009,https://boxd.it/3h0JG9,2.5,,,2018-08-31
2022-09-30,Yes Man,2008,https://boxd.it/3h0JIp,2,,,2018-08-31
2022-09-30,Dark Shadows,2012,https://boxd.it/3h0JIT,2,,,2018-08-31
2022-09-30,Paul,2011,https://boxd.it/3h0JJR,3,,,2018-08-31
2022-09-30,The Lion King,1994,https://boxd.it/3h0JKv,3,,,2018-08-31
2022-09-30,Frankenweenie,2012,https://boxd.it/3h0JOd,1.5,,,2018-08-31
2022-09-30,Toy Story,1995,https://boxd.it/3h0JOH,2.5,,,2018-08-31
2022-09-30,"Lock, Stock and Two Smoking Barrels",1998,https://boxd.it/3h0JUl,1,,,2018-08-31
2022-09-30,Get Him to the Greek,2010,https://boxd.it/3h0JY3,1,,,2018-08-31
2022-09-30,RED,2010,https://boxd.it/3h0JZb,3,,,2018-08-31
2022-09-30,Despicable Me,2010,https://boxd.it/3h0K2J,2.5,,,2018-08-31
2022-09-30,The Matrix,1999,https://boxd.it/3h0K3d,2.5,,,2018-08-31
2022-09-30,Arthur,2011,https://boxd.it/3h0K3R,1.5,,,2018-08-31
2022-09-30,Inception,2010,https://boxd.it/3h0K5j,1,,,2018-08-31
2022-09-30,The Lorax,2012,https://boxd.it/3h0K8n,3,,,2018-08-31
2022-09-30,The Lego Movie,2014,https://boxd.it/3h0Ka9,2.5,,,2018-08-31
2022-09-30,American Reunion,2012,https://boxd.it/3h0Kc5,0.5,,,2018-08-31
2022-09-30,The Dictator,2012,https://boxd.it/3h0KeF,1,,,2018-08-31
2022-09-30,Gladiator,2000,https://boxd.it/3h0Kh5,1,,,2018-08-31
2022-09-30,The Grand Budapest Hotel,2014,https://boxd.it/3h0KoZ,4.5,,,2018-08-31
2022-09-30,Over the Hedge,2006,https://boxd.it/3h0KCR,3,,,2018-08-31
2022-09-30,Incredibles 2,2018,https://boxd.it/3h0KHH,4,,,2018-08-31
2022-09-30,Happy Feet,2006,https://boxd.it/3h0KIl,1,,,2018-08-31
2022-09-30,The Hitchhiker's Guide to the Galaxy,2005,https://boxd.it/3h0KIF,4,,,2018-08-31
2022-09-30,Bee Movie,2007,https://boxd.it/3h0KLz,3,,,2018-08-31
2022-09-30,Borat: Cultural Learnings of America for Make Benefit Glorious Nation of Kazakhstan,2006,https://boxd.it/3h0KQz,1,,,2018-08-31
2022-09-30,Blades of Glory,2007,https://boxd.it/3h0KQJ,1,,,2018-08-31
2022-09-30,Puss in Boots,2011,https://boxd.it/3h0KRn,2.5,,,2018-08-31
2022-09-30,Alien,1979,https://boxd.it/3h0LbR,4,,,2018-08-31
2022-09-30,Interstellar,2014,https://boxd.it/3h0Lfz,3,,,2018-08-31
2022-09-30,Blade Runner,1982,https://boxd.it/3h0Lgd,1.5,,,2018-08-31
2022-09-30,You Don't Mess with the Zohan,2008,https://boxd.it/3h0Lrl,1,,,2018-08-31
2022-09-30,Baywatch,2017,https://boxd.it/3h0K7T,1,,,2018-09-02
2022-09-30,Mulan,1998,https://boxd.it/3h0JUF,3.5,,,2018-09-14
2022-09-30,Tarzan,1999,https://boxd.it/3h0JWV,2,,,2018-09-14
2022-09-30,Monsters University,2013,https://boxd.it/3h0K75,2.5,,,2018-09-14
2022-09-30,30 Minutes or Less,2011,https://boxd.it/3h0KcT,1.5,,,2018-09-14
2022-09-30,Sleepy Hollow,1999,https://boxd.it/3h0KdR,1,,,2018-09-14
2022-09-30,The Art of Getting By,2011,https://boxd.it/3h0Kev,3.5,,,2018-09-14
2022-09-30,Avengers: Age of Ultron,2015,https://boxd.it/3h0Krf,1.5,,,2018-09-14
2022-09-30,Zootopia,2016,https://boxd.it/3h0Kyl,4,,,2018-09-14
2022-09-30,The Incredibles,2004,https://boxd.it/3h0KAL,4,,,2018-09-14
2022-09-30,Robots,2005,https://boxd.it/3h0KHx,3.5,,,2018-09-14
2022-09-30,Shaun of the Dead,2004,https://boxd.it/3h0KI1,4,,,2018-09-14
2022-09-30,Miss Congeniality 2: Armed and Fabulous,2005,https://boxd.it/3h0KJX,2.5,,,2018-09-14
2022-09-30,Sweeney Todd: The Demon Barber of Fleet Street,2007,https://boxd.it/3h0KN1,3.5,,,2018-09-14
2022-09-30,Toy Story 3,2010,https://boxd.it/3h0KQf,2.5,,,2018-09-14
2022-09-30,She's the Man,2006,https://boxd.it/3h0KTj,3,,,2018-09-14
2022-09-30,Almost Adults,2016,https://boxd.it/3h0KUr,1,,,2018-09-14
2022-09-30,Jurassic World: Fallen Kingdom,2018,https://boxd.it/3h0KX1,1,,,2018-09-14
2022-09-30,A Quiet Place,2018,https://boxd.it/3h0L5z,4.5,,,2018-09-14
2022-09-30,Grease,1978,https://boxd.it/3h0Lbd,2.5,,,2018-09-14
2022-09-30,Bao,2018,https://boxd.it/3h0Ldj,1,,,2018-09-14
2022-09-30,Cloudy with a Chance of Meatballs,2009,https://boxd.it/3h0Lhb,1,,,2018-09-14
2022-09-30,The Cloverfield Paradox,2018,https://boxd.it/3h0Ktv,2.5,,,2018-09-27
2022-09-30,Reservoir Dogs,1992,https://boxd.it/3h0JGt,2.5,,,2018-09-29
2022-09-30,Miss Congeniality,2000,https://boxd.it/3h0KnH,3.5,,,2018-12-18
2022-09-30,The Kissing Booth,2018,https://boxd.it/3h0KJD,0.5,,,2018-12-18
2022-09-30,The Love Witch,2016,https://boxd.it/3h0KLT,1.5,,,2018-12-18
2022-09-30,Isle of Dogs,2018,https://boxd.it/3h0KYX,3,,,2018-12-18
2022-09-30,Candy Jar,2018,https://boxd.it/3h0L63,2,,,2018-12-18
2022-09-30,Sierra Burgess Is a Loser,2018,https://boxd.it/3h0KzN,1,,,2019-01-17
2022-09-30,The Lobster,2015,https://boxd.it/3h0KF7,1.5,,,2019-01-17
2022-09-30,John Tucker Must Die,2006,https://boxd.it/3h0KTt,2,,,2019-01-17
2022-09-30,The Little Hours,2017,https://boxd.it/3h0L2v,2,,,2019-01-17
2022-09-30,Coming to America,1988,https://boxd.it/3h0LqR,2.5,,,2019-01-17
2022-09-30,Heathers,1988,https://boxd.it/3h0LsN,2,,,2019-01-17
2022-09-30,Zombieland,2009,https://boxd.it/3h0JP1,3.5,,,2019-01-18
2022-09-30,Final Girl,2015,https://boxd.it/3h0KnR,1.5,,,2019-01-18
2022-09-30,Harry Potter and the Chamber of Secrets,2002,https://boxd.it/3h0KyF,2.5,,,2019-02-05
2022-09-30,Lights Out,2016,https://boxd.it/3h0KVf,3,,,2019-02-07
2022-09-30,Hard Candy,2005,https://boxd.it/3h0KOD,3.5,,,2019-03-03
2022-09-30,Instant Family,2018,https://boxd.it/3h0L9r,0.5,,,2019-04-11
2022-09-30,Passengers,2016,https://boxd.it/3h0K41,1,,,2019-06-30
2022-09-30,The To Do List,2013,https://boxd.it/3h0KiR,2,,,2019-06-30
2022-09-30,Good Omens,2019,https://boxd.it/3h0Kkt,4,,,2019-06-30
2022-09-30,The Founder,2016,https://boxd.it/3h0KPr,1,,,2019-06-30
2022-11-23,The Nice Guys,2016,https://boxd.it/3stAAD,5,,,2019-07-12
2022-09-30,The Big Lebowski,1998,https://boxd.it/3h0JS5,1.5,,,2019-08-16
2022-09-30,Mad Max: Fury Road,2015,https://boxd.it/3h0K5X,0.5,,,2019-08-16
2022-09-30,Jupiter Ascending,2015,https://boxd.it/3h0KcJ,1,,,2019-08-16
2022-09-30,The Sixth Sense,1999,https://boxd.it/3h0Kgh,1,,,2019-08-16
2022-09-30,Coco,2017,https://boxd.it/3h0Kqr,4,,,2019-08-16
2022-09-30,Catch Me If You Can,2002,https://boxd.it/3h0KuN,4,,,2019-08-16
2022-09-30,Finding Nemo,2003,https://boxd.it/3h0Kvh,1,,,2019-08-16
2022-09-30,Avengers: Endgame,2019,https://boxd.it/3h0KNF,3,,,2019-08-16
2022-09-30,Spider-Man: Into the Spider-Verse,2018,https://boxd.it/3h0KTN,5,,,2019-08-16
2022-09-30,Life of Brian,1979,https://boxd.it/3h0Lc1,3.5,,,2019-08-16
2022-09-30,WALL·E,2008,https://boxd.it/3h0LmF,2,,,2019-08-16
2022-09-30,Die Hard,1988,https://boxd.it/3h0Lr1,4.5,,,2019-08-16
2022-09-30,The Wolf of Wall Street,2013,https://boxd.it/3h0LtB,1,,,2019-08-16
2022-09-30,Jumanji,1995,https://boxd.it/3h0JO3,3,,,2019-09-14
2022-09-30,A Beautiful Day in the Neighborhood,2019,https://boxd.it/3h0KBJ,1.5,,,2019-09-14
2022-09-30,Pulp Fiction,1994,https://boxd.it/3h0JKP,2,,,2019-09-22
2022-09-30,Looper,2012,https://boxd.it/3h0K09,1,,,2019-09-22
2022-09-30,Date Night,2010,https://boxd.it/3h0K0j,3.5,,,2019-09-22
2022-09-30,The Big Short,2015,https://boxd.it/3h0Kbr,2,,,2019-09-22
2022-09-30,Keeping Up with the Joneses,2016,https://boxd.it/3h0KqV,2.5,,,2019-09-22
2022-09-30,Inglourious Basterds,2009,https://boxd.it/3h0KHR,4.5,,,2019-09-22
2022-09-30,Dirty Grandpa,2016,https://boxd.it/3h0Kkj,2,,,2019-09-23
2022-09-30,Men in Black II,2002,https://boxd.it/3h0JXf,3.5,,,2019-09-24
2022-09-30,New Year's Eve,2011,https://boxd.it/3h0KbL,3,,,2019-09-24
2022-09-30,Kick-Ass 2,2013,https://boxd.it/3h0KeZ,1,,,2019-09-24
2022-09-30,Sinbad: Legend of the Seven Seas,2003,https://boxd.it/3h0Kfj,3.5,,,2019-09-24
2022-09-30,The Family,2013,https://boxd.it/3h0Krp,2.5,,,2019-09-24
2022-09-30,Ocean's Eleven,2001,https://boxd.it/3h0KrJ,3.5,,,2019-09-24
2022-09-30,The Stepford Wives,2004,https://boxd.it/3h0KD1,3,,,2019-09-24
2022-09-30,Mr. & Mrs. Smith,2005,https://boxd.it/3h0KHd,4.5,,,2019-09-24
2022-09-30,Where the Wild Things Are,2009,https://boxd.it/3h0KL5,1,,,2019-09-24
2022-09-30,Okja,2017,https://boxd.it/3h0KMn,2,,,2019-09-24
2022-09-30,Bird Box,2018,https://boxd.it/3h0KvV,3,,,2019-09-25
2022-09-30,To All the Boys I've Loved Before,2018,https://boxd.it/3h0KJN,3,,,2019-09-25
2022-09-30,Hanna,2011,https://boxd.it/3h0Ltr,1,,,2019-09-25
2022-09-30,Groundhog Day,1993,https://boxd.it/3h0JIz,1,,,2019-10-26
2022-09-30,Fired Up!,2009,https://boxd.it/3h0JJ3,1,,,2019-10-26
2022-09-30,Batman Forever,1995,https://boxd.it/3h0JML,0.5,,,2019-10-26
2022-09-30,Twelve Monkeys,1995,https://boxd.it/3h0JOR,0.5,,,2019-10-26
2022-09-30,The Truman Show,1998,https://boxd.it/3h0JTH,3,,,2019-10-26
2022-09-30,Treasure Planet,2002,https://boxd.it/3h0K3x,5,,,2019-10-26
2022-09-30,Barely Lethal,2015,https://boxd.it/3h0Kix,1,,,2019-10-26
2022-09-30,Django Unchained,2012,https://boxd.it/3h0KjZ,4.5,,,2019-10-26
2022-09-30,Isn't It Romantic,2019,https://boxd.it/3h0Ksn,2,,,2019-10-26
2022-09-30,A Million Ways to Die in the West,2014,https://boxd.it/3h0KtZ,1.5,,,2019-10-26
2022-09-30,Game Night,2018,https://boxd.it/3h0KvL,3.5,,,2019-10-26
2022-09-30,Annihilation,2018,https://boxd.it/3h0Kwz,3.5,,,2019-10-26
2022-09-30,John Wick,2014,https://boxd.it/3h0Kyb,3.5,,,2019-10-26
2022-09-30,Crazy Rich Asians,2018,https://boxd.it/3h0Kzt,3,,,2019-10-26
2022-09-30,Pirates of the Caribbean: The Curse of the Black Pearl,2003,https://boxd.it/3h0KCH,3,,,2019-10-26
2022-09-30,Paddington 2,2017,https://boxd.it/3h0KR3,4,,,2019-10-26
2022-09-30,The Meg,2018,https://boxd.it/3h0KV5,1,,,2019-10-26
2022-09-30,Ant-Man and the Wasp,2018,https://boxd.it/3h0KYD,3.5,,,2019-10-26
2022-09-30,Ocean's Eight,2018,https://boxd.it/3h0KZh,1.5,,,2019-10-26
2022-09-30,Vertigo,1958,https://boxd.it/3h0KZL,1,,,2019-10-26
2022-09-30,Fargo,1996,https://boxd.it/3h0JPF,2,,,2019-10-27
2022-09-30,You Again,2010,https://boxd.it/3h0K67,2,,,2019-10-29
2022-09-30,Freaky Friday,2003,https://boxd.it/3h0KBz,3,,femme attic,2019-10-29
2022-09-30,A Fish Called Wanda,1988,https://boxd.it/3h0Lrb,3,,,2019-10-29
2022-09-30,Fantastic Beasts and Where to Find Them,2016,https://boxd.it/3h0KAV,3.5,,,2019-11-11
2022-09-30,The Shining,1980,https://boxd.it/3h0Lff,1.5,,,2019-11-11
2022-09-30,The Knight Before Christmas,2019,https://boxd.it/3h0JEn,2,,,2019-11-23
2022-09-30,The Boat That Rocked,2009,https://boxd.it/3h0JNz,4.5,,,2019-11-27
2022-09-30,St. Trinian's,2007,https://boxd.it/3h0LrP,5,,,2019-11-27
2022-09-30,Four Weddings and a Funeral,1994,https://boxd.it/3h0JK1,3.5,,,2019-11-28
2022-09-30,About a Boy,2002,https://boxd.it/3h0Kw5,2.5,,,2019-11-28
2022-09-30,Juno,2007,https://boxd.it/3h0KU7,5,,,2019-11-28
2022-09-30,"Crazy, Stupid, Love.",2011,https://boxd.it/3h0KaX,3.5,,,2020-01-08
2022-09-30,Dolemite Is My Name,2019,https://boxd.it/3h0LhZ,1,,,2020-02-04
2022-09-30,Booksmart,2019,https://boxd.it/3h0K9Z,4,,film society,2020-03-11
2022-09-30,The Ritual,2017,https://boxd.it/3h0L2b,2.5,,,2020-03-11
2022-09-30,Chernobyl,2019,https://boxd.it/3h0L9h,4.5,,,2020-03-11
2022-09-30,Dazed and Confused,1993,https://boxd.it/3h0JI5,2,,,2020-03-12
2022-09-30,Train to Busan,2016,https://boxd.it/3h0L2P,4,,,2020-03-12
2022-09-30,Midsommar,2019,https://boxd.it/3h0LjB,4.5,,,2020-03-12
2022-09-30,Little Women,2019,https://boxd.it/3h0KDl,2.5,,,2020-03-13
2022-09-30,Frozen II,2019,https://boxd.it/3h0KS1,3,,,2020-03-13
2022-09-30,Charlie's Angels,2000,https://boxd.it/3h0KbV,5,,,2020-03-26
2022-09-30,Paranormal Activity 3,2011,https://boxd.it/3h0Kjl,2,,,2020-03-26
2022-09-30,Jojo Rabbit,2019,https://boxd.it/3h0KuD,4,,,2020-03-26
2022-09-30,Chicago,2002,https://boxd.it/3h0Kzj,4,,,2020-03-26
2022-09-30,Captain Marvel,2019,https://boxd.it/3h0KNl,4,,,2020-03-26
2022-09-30,Set It Up,2018,https://boxd.it/3h0KZV,2.5,,,2020-03-26
2022-09-30,Escape Room,2019,https://boxd.it/3h0L4h,3.5,,,2020-03-26
2022-09-30,Once Upon a Time… in Hollywood,2019,https://boxd.it/3h0L7P,2.5,,,2020-03-26
2022-09-30,Knives Out,2019,https://boxd.it/3h0Lln,3,,,2020-03-26
2022-09-30,Midnight in Paris,2011,https://boxd.it/3h0Kcp,3,,,2020-03-28
2022-09-30,Power Rangers,2017,https://boxd.it/3h0KIZ,2,,,2020-03-28
2022-09-30,Pokémon Detective Pikachu,2019,https://boxd.it/3h0L3D,2,,,2020-03-28
2022-09-30,The Man from U.N.C.L.E.,2015,https://boxd.it/3h0Kel,4.5,Yes,,2020-03-30
2022-09-30,Lady Bird,2017,https://boxd.it/3h0KXb,3.5,,,2020-03-30
2022-09-30,Sorry to Bother You,2018,https://boxd.it/3h0L2F,2.5,,,2020-03-30
2022-09-30,10 Cloverfield Lane,2016,https://boxd.it/3h0JRr,4.5,Yes,,2020-04-03
2022-09-30,Suspiria,2018,https://boxd.it/3h0JFF,3.5,,,2020-04-06
2022-09-30,Cloverfield,2008,https://boxd.it/3h0JGD,3,,,2020-04-06
2022-09-30,The Craft,1996,https://boxd.it/3h0JPv,3,,,2020-04-06
2022-09-30,Anastasia,1997,https://boxd.it/3h0JRL,4,,,2020-04-06
2022-09-30,Good Will Hunting,1997,https://boxd.it/3h0JSz,3.5,,,2020-04-06
2022-09-30,Princess Mononoke,1997,https://boxd.it/3h0JTd,3.5,,,2020-04-06
2022-09-30,Doctor Strange,2016,https://boxd.it/3h0JXz,2.5,,,2020-04-06
2022-09-30,Kick-Ass,2010,https://boxd.it/3h0JZl,4,,,2020-04-06
2022-09-30,The Cabin in the Woods,2011,https://boxd.it/3h0JZv,2.5,,,2020-04-06
2022-09-30,Venom,2018,https://boxd.it/3h0JZZ,3.5,,,2020-04-06
2022-09-30,Rushmore,1998,https://boxd.it/3h0K1B,2.5,,,2020-04-06
2022-09-30,The Road to El Dorado,2000,https://boxd.it/3h0K5D,4.5,,,2020-04-06
2022-09-30,American Psycho,2000,https://boxd.it/3h0K6L,1.5,,,2020-04-06
2022-09-30,The Help,2011,https://boxd.it/3h0K7f,3.5,,,2020-04-06
2022-09-30,Bridget Jones's Baby,2016,https://boxd.it/3h0K83,2.5,,,2020-04-06
2022-09-30,Contagion,2011,https://boxd.it/3h0KbB,4.5,,,2020-04-06
2022-09-30,That Awkward Moment,2014,https://boxd.it/3h0KjF,3.5,,,2020-04-06
2022-09-30,Inside Out,2015,https://boxd.it/3h0Knd,3,,,2020-04-06
2022-09-30,Atlantis: The Lost Empire,2001,https://boxd.it/3h0KpX,4,,,2020-04-06
2022-09-30,Bridget Jones's Diary,2001,https://boxd.it/3h0Ks3,4,,,2020-04-06
2022-09-30,Spirited Away,2001,https://boxd.it/3h0Ksx,3.5,,,2020-04-06
2022-09-30,Arrival,2016,https://boxd.it/3h0Ktl,4,,,2020-04-06
2022-09-30,The Fault in Our Stars,2014,https://boxd.it/3h0Kut,3,,,2020-04-06
2022-09-30,Bridget Jones: The Edge of Reason,2004,https://boxd.it/3h0KAB,2.5,,,2020-04-06
2022-09-30,It Follows,2014,https://boxd.it/3h0KCx,1,,,2020-04-06
2022-09-30,Howl's Moving Castle,2004,https://boxd.it/3h0KFr,3,,,2020-04-06
2022-09-30,Mean Girls,2004,https://boxd.it/3h0KJj,2.5,,,2020-04-06
2022-09-30,Baby Driver,2017,https://boxd.it/3h0KLf,4,,,2020-04-06
2022-09-30,The Curious Case of Benjamin Button,2008,https://boxd.it/3h0KO9,2.5,,,2020-04-06
2022-09-30,Avatar,2009,https://boxd.it/3h0KXF,1,,,2020-04-06
2022-09-30,Your Name.,2016,https://boxd.it/3h0L0f,4,,,2020-04-06
2022-09-30,Monty Python and the Holy Grail,1975,https://boxd.it/3h0L8j,4,,,2020-04-06
2022-09-30,Suspiria,1977,https://boxd.it/3h0LaT,3,,,2020-04-06
2022-09-30,Jumanji: The Next Level,2019,https://boxd.it/3h0Lcl,2.5,,,2020-04-06
2022-09-30,The Girl Who Leapt Through Time,2006,https://boxd.it/3h0Ler,3,,,2020-04-06
2022-09-30,Back to the Future,1985,https://boxd.it/3h0LkJ,3,,,2020-04-06
2022-09-30,The Breakfast Club,1985,https://boxd.it/3h0LkT,3.5,,,2020-04-06
2022-09-30,The Witches of Eastwick,1987,https://boxd.it/3h0Lpp,3,,,2020-04-06
2022-09-30,My Neighbor Totoro,1988,https://boxd.it/3h0Lrv,4,,,2020-04-06
2022-09-30,Dead Poets Society,1989,https://boxd.it/3h0Ls9,3.5,,,2020-04-06
2022-09-30,17 Again,2009,https://boxd.it/3h0LsD,3,,,2020-04-06
2022-09-30,The Cable Guy,1996,https://boxd.it/3h0JPl,1,,,2020-04-08
2022-09-30,Why Him?,2016,https://boxd.it/3h0KRx,2,,,2020-04-08
2022-09-30,Men in Black: International,2019,https://boxd.it/3h0Kp9,2.5,,,2020-04-09
2022-09-30,Birds of Prey (and the Fantabulous Emancipation of One Harley Quinn),2020,https://boxd.it/3h0LaJ,5,,,2020-04-09
2022-09-30,Men in Black,1997,https://boxd.it/3h0JT3,4,,,2020-04-14
2022-09-30,In the Tall Grass,2019,https://boxd.it/3h0KUB,1,,,2020-04-14
2022-09-30,Call Me by Your Name,2017,https://boxd.it/3h0L2Z,3,,,2020-04-14
2022-09-30,The Thing,1982,https://boxd.it/3h0Lhv,4,,,2020-04-14
2022-09-30,1917,2019,https://boxd.it/3h0Li9,3,,,2020-04-14
2022-09-30,28 Days,2000,https://boxd.it/3h0KkN,3,,,2020-04-16
2022-09-30,Minions,2015,https://boxd.it/3h0KpN,0.5,,,2020-04-16
2022-09-30,Extremely Loud & Incredibly Close,2011,https://boxd.it/3h0KUV,0.5,,,2020-04-16
2022-09-30,Get Out,2017,https://boxd.it/3h0KY9,4,,,2020-04-16
2022-09-30,Thoroughbreds,2017,https://boxd.it/3h0L2l,3.5,,,2020-04-16
2022-09-30,The Blind Side,2009,https://boxd.it/3h0LjV,1.5,,,2020-04-16
2022-09-30,Mamma Mia! Here We Go Again,2018,https://boxd.it/3h0L6H,1.5,,,2020-04-20
2022-09-30,Tag,2018,https://boxd.it/3h0Kxd,2.5,,,2020-04-22
2022-09-30,Code 8,2019,https://boxd.it/3h0L4B,2.5,,,2020-04-22
2022-09-30,Slaughterhouse Rulez,2018,https://boxd.it/3h0L6x,1.5,,,2020-04-22
2022-09-30,George of the Jungle,1997,https://boxd.it/3h0JSp,5,,,2020-04-23
2022-09-30,Moonlight,2016,https://boxd.it/3h0KXv,3,,,2020-04-28
2022-09-30,John Mulaney & The Sack Lunch Bunch,2019,https://boxd.it/3h0JNT,4,,,2020-04-30
2022-09-30,Room,2015,https://boxd.it/3h0KAr,4.5,,,2020-04-30
2022-09-30,The Witch,2015,https://boxd.it/3h0KP7,2,,,2020-04-30
2022-09-30,Us,2019,https://boxd.it/3h0L6n,3.5,,,2020-04-30
2022-09-30,BlacKkKlansman,2018,https://boxd.it/3h0L8X,3.5,,film society,2020-04-30
2022-09-30,Satanic,2016,https://boxd.it/3h0KVJ,0.5,,,2020-05-02
2022-09-30,The Death of Stalin,2017,https://boxd.it/3h0KUh,3.5,,,2020-05-26
2022-09-30,Twilight,2008,https://boxd.it/3h0JKb,4,,,2020-06-14
2022-09-30,The Twilight Saga: New Moon,2009,https://boxd.it/3h0JZF,2,,,2020-06-14
2022-09-30,The Twilight Saga: Breaking Dawn – Part 1,2011,https://boxd.it/3h0K2T,3,,,2020-06-14
2022-09-30,The Twilight Saga: Eclipse,2010,https://boxd.it/3h0K33,3,,,2020-06-14
2022-09-30,Beautiful Creatures,2013,https://boxd.it/3h0Kat,1,,,2020-06-14
2022-09-30,The Perks of Being a Wallflower,2012,https://boxd.it/3h0Kf9,2,,,2020-06-14
2022-09-30,The Twilight Saga: Breaking Dawn – Part 2,2012,https://boxd.it/3h0Kg7,4,,,2020-06-14
2022-09-30,Miss Peregrine's Home for Peculiar Children,2016,https://boxd.it/3h0KkX,3,,,2020-06-14
2022-09-30,The 5th Wave,2016,https://boxd.it/3h0Kqh,0.5,,,2020-06-14
2022-09-30,I Am Legend,2007,https://boxd.it/3h0KVT,2.5,,,2020-06-14
2022-09-30,John Mulaney: New in Town,2012,https://boxd.it/3h0KoF,4,,,2020-06-21
2022-09-30,John Mulaney: The Comeback Kid,2015,https://boxd.it/3h0KYj,4,,,2020-06-21
2022-09-30,High Life,2018,https://boxd.it/3h0KW3,2,,,2020-06-22
2022-09-30,The Darkest Minds,2018,https://boxd.it/3h0KMR,2.5,,,2020-07-03
2022-09-30,Shazam!,2019,https://boxd.it/3h0KRd,2,,,2020-07-03
2022-09-30,Being John Malkovich,1999,https://boxd.it/3h0JU1,2.5,,,2020-08-08
2022-09-30,The Martian,2015,https://boxd.it/3h0KIb,3.5,,,2020-08-08
2022-09-30,Trading Places,1983,https://boxd.it/3h0LiX,4,,,2020-08-08
2022-09-30,Overlord,2018,https://boxd.it/3h0KT9,2,,,2020-08-18
2022-09-30,Airplane!,1980,https://boxd.it/3h0Ld9,0.5,,all-nighter,2020-08-18
2022-09-30,The Shawshank Redemption,1994,https://boxd.it/3h0JKZ,3.5,,,2020-08-19
2022-09-30,Fight Club,1999,https://boxd.it/3h0K4l,4.5,,,2020-08-19
2022-09-30,The Greatest Showman,2017,https://boxd.it/3h0K9P,0.5,,,2020-08-19
2022-09-30,Avengers: Infinity War,2018,https://boxd.it/3h0KNv,2,,,2020-08-19
2023-01-01,Nausicaä of the Valley of the Wind,1984,https://boxd.it/3CDVs1,2.5,,,2020-08-27
2022-09-30,Good Time,2017,https://boxd.it/3h0KWn,3,,,2020-08-30
2022-09-30,The Lord of the Rings: The Return of the King,2003,https://boxd.it/3h0KfN,3,,,2020-08-31
2022-09-30,The Lord of the Rings: The Two Towers,2002,https://boxd.it/3h0KfX,2.5,,,2020-08-31
2022-09-30,Damsel,2018,https://boxd.it/3h0L3t,1,,,2020-09-01
2022-09-30,The King,2019,https://boxd.it/3h0LcF,3,,,2020-09-01
2022-09-30,Ant-Man,2015,https://boxd.it/3h0KVz,4,,,2020-09-02
2022-09-30,The Favourite,2018,https://boxd.it/3h0KYt,3.5,,,2020-09-02
2022-09-30,Tenet,2020,https://boxd.it/3h0L5T,4,,,2020-09-06
2022-09-30,Apostle,2018,https://boxd.it/3h0L4r,2,,,2020-09-10
2022-09-30,Scooby-Doo,2002,https://boxd.it/3h0KvB,5,,,2020-09-13
2022-09-30,Scoob!,2020,https://boxd.it/3h0KA7,0.5,,,2020-09-13
2022-09-30,Scooby-Doo 2: Monsters Unleashed,2004,https://boxd.it/3h0KDv,5,,,2020-09-13
2022-09-30,Monster House,2006,https://boxd.it/3h0KKV,2,,,2020-09-14
2022-09-30,Peninsula,2020,https://boxd.it/3h0Lkz,4.5,,,2020-09-27
2022-09-30,Jennifer's Body,2009,https://boxd.it/3h0JNJ,5,,,2020-10-27
2022-09-30,The World's End,2013,https://boxd.it/3h0JXJ,3,,,2020-10-27
2022-09-30,Blade Runner 2049,2017,https://boxd.it/3h0Kk9,2,,all-nighter,2020-10-27
2022-09-30,Se7en,1995,https://boxd.it/3h0JOn,1.5,,all-nighter,2020-10-29
2022-09-30,Free Fire,2016,https://boxd.it/3h0KNP,4,,,2020-11-03
2022-09-30,Eighth Grade,2018,https://boxd.it/3h0L7l,2.5,,,2020-11-03
2022-09-30,Snatch,2000,https://boxd.it/3h0KmJ,3.5,,,2020-11-08
2022-09-30,Pleasantville,1998,https://boxd.it/3h0JUZ,4.5,,,2021-01-26
2022-09-30,The Willoughbys,2020,https://boxd.it/3h0KZB,2,,,2021-02-13
2022-09-30,Next Gen,2018,https://boxd.it/3h0L7Z,2,,,2021-02-13
2022-09-30,How to Train Your Dragon: The Hidden World,2019,https://boxd.it/3h0KqL,5,,,2021-02-27
2022-09-30,The Descent,2005,https://boxd.it/3h0KQ5,3,,,2021-02-27
2022-09-30,"Juliet, Naked",2018,https://boxd.it/3h0L21,4,,,2021-02-27
2022-09-30,Maurice,1987,https://boxd.it/3h0Lor,3.5,,,2021-02-27
2022-09-30,Snowpiercer,2013,https://boxd.it/3h0KgB,1.5,,,2021-03-06
2022-09-30,Suicide Squad,2016,https://boxd.it/3h0K5t,2.5,,,2021-03-28
2022-09-30,The Queen's Gambit,2020,https://boxd.it/3h0JEd,2,,,2021-04-13
2022-09-30,Trainspotting,1996,https://boxd.it/3h0JQj,5,,all-nighter,2021-04-13
2022-09-30,Ghostbusters,2016,https://boxd.it/3h0K1V,3,,,2021-04-13
2022-09-30,Palm Springs,2020,https://boxd.it/3h0Lqn,5,,,2021-04-13
2022-09-30,Adventure Time: Distant Lands,2020,https://boxd.it/3h0JMB,5,,,2021-04-25
2022-09-30,Shutter Island,2010,https://boxd.it/3h0JNf,4,,,2021-04-25
2022-09-30,SLC Punk,1998,https://boxd.it/3h0K3n,4.5,,,2021-04-25
2022-09-30,Love and Monsters,2020,https://boxd.it/3h0Kob,4,,,2021-04-25
2022-09-30,Soul,2020,https://boxd.it/3h0Kyv,3,,,2021-04-25
2022-09-30,Klaus,2019,https://boxd.it/3h0KUL,3,,,2021-04-25
2022-09-30,Lemony Snicket's A Series of Unfortunate Events,2004,https://boxd.it/3h0KWd,3.5,,,2021-04-25
2022-09-30,The Haunting of Hill House,2018,https://boxd.it/3h0L6d,5,,,2021-04-25
2022-09-30,Wonder Woman 1984,2020,https://boxd.it/3h0L7F,3,,,2021-04-25
2022-09-30,Onward,2020,https://boxd.it/3h0L89,3,,,2021-04-25
2022-09-30,Enola Holmes,2020,https://boxd.it/3h0LbH,1,,,2021-04-25
2022-09-30,Monte Carlo,2011,https://boxd.it/3h0JIf,3,,,2021-04-27
2022-09-30,I Am Mother,2019,https://boxd.it/3h0L4L,3,,,2021-04-27
2022-09-30,Sgt. Bilko,1996,https://boxd.it/3h0JPZ,4.5,,,2021-05-18
2022-09-30,The Mitchells vs. The Machines,2021,https://boxd.it/3h0Lcv,3.5,,,2021-05-22
2022-09-30,Ponyo,2008,https://boxd.it/3h0Ljr,3.5,,,2021-05-29
2022-09-30,Bo Burnham: Inside,2021,https://boxd.it/3h0K7p,5,,,2021-06-01
2022-09-30,Birds of Prey (and the Fantabulous Emancipation of One Harley Quinn),2020,https://boxd.it/3h0Lb3,3.5,Yes,,2021-06-21
2022-09-30,WandaVision,2021,https://boxd.it/3h0Lnj,4.5,,,2021-06-21
2022-09-30,Loki,2021,https://boxd.it/3h0Ln9,3.5,,,2021-07-29
2022-09-30,Marie Antoinette,2006,https://boxd.it/3h0KOt,1,,,2021-08-14
2022-11-23,The Nice Guys,2016,https://boxd.it/3stzGv,5,Yes,,2021-08-14
2022-09-30,Coffee & Kareem,2020,https://boxd.it/3h0Lth,1.5,,,2021-09-14
2022-09-30,The Suicide Squad,2021,https://boxd.it/3h0L5f,5,Yes,,2021-09-20
2022-09-30,The Cat Returns,2002,https://boxd.it/3h0KFB,2,,,2021-09-29
2022-09-30,Rat Race,2001,https://boxd.it/3h0Kt1,4,,,2021-10-26
2022-09-30,The Royal Tenenbaums,2001,https://boxd.it/3h0Kv7,2.5,,,2021-10-26
2022-09-30,Not Another Teen Movie,2001,https://boxd.it/3h0Kwf,3,,,2021-10-26
2023-03-07,But I'm a Cheerleader,1999,https://boxd.it/3WVao3,5,Yes,,2021-11-06
2022-09-30,Emma.,2020,https://boxd.it/3h0LnN,4,,,2021-12-20
2022-09-30,Guardians of the Galaxy,2014,https://boxd.it/3h0KlL,3.5,Yes,,2022-01-08
2022-09-30,How to Train Your Dragon 2,2014,https://boxd.it/3h0KeP,4,Yes,,2022-01-14
2022-09-30,How to Train Your Dragon,2010,https://boxd.it/3h0Lld,4.5,Yes,,2022-01-14
2022-09-30,Destination Wedding,2018,https://boxd.it/3h0L6R,3.5,,,2022-01-21
2022-09-30,The Gentlemen,2019,https://boxd.it/3h0Lgn,4,,,2022-01-23
2022-09-30,Repo Man,1984,https://boxd.it/3h0Lk5,1,,,2022-01-28
2022-09-30,Whip It,2009,https://boxd.it/3h0JPP,4,,,2022-01-31
2022-09-30,Moxie,2021,https://boxd.it/3h0L5p,2,,,2022-01-31
2022-09-30,Something's Gotta Give,2003,https://boxd.it/3h0KE9,2,,,2022-02-12
2022-09-30,The Bucket List,2007,https://boxd.it/3h0LfT,1,,,2022-02-14
2022-09-30,Raya and the Last Dragon,2021,https://boxd.it/3h0KZ7,3,,,2022-03-12
2022-09-30,Turning Red,2022,https://boxd.it/3h0LeL,4.5,,,2022-03-27
2022-09-30,Red Notice,2021,https://boxd.it/3h0LcP,1,,,2022-03-29
2022-09-30,Eternals,2021,https://boxd.it/3h0Lmb,2.5,,,2022-03-29
2022-09-30,Luca,2021,https://boxd.it/3h0K1h,5,,lana,2022-04-02
2022-09-30,The French Dispatch,2021,https://boxd.it/3h0Lkp,3,,,2022-04-02
2022-09-30,Everything Everywhere All at Once,2022,https://boxd.it/3h0L5J,5,,femme attic,2022-04-18
2022-09-30,What We Do in the Shadows,2014,https://boxd.it/3h0KED,4.5,Yes,,2022-04-24
2022-09-30,Zombieland: Double Tap,2019,https://boxd.it/3h0KaD,1.5,,,2022-04-25
2022-09-30,Spider-Man: No Way Home,2021,https://boxd.it/3h0JJH,4,,,2022-05-21
2022-09-30,Spider-Man: Far from Home,2019,https://boxd.it/3h0L55,1,,,2022-05-21
2022-09-30,Doctor Strange in the Multiverse of Madness,2022,https://boxd.it/3h0LoL,0.5,,,2022-05-21
2022-10-30,Ultraviolet,2006,https://boxd.it/3nm0oH,0.5,,femme attic,2022-06-16
2022-09-30,Steven Universe: The Movie,2019,https://boxd.it/3h0JGj,5,Yes,femme attic,2022-06-17
2022-09-30,Blindspotting,2018,https://boxd.it/3h0L8D,4.5,,,2022-06-20
2022-09-30,Fantastic Mr. Fox,2009,https://boxd.it/3h0KPL,1,,,2022-06-21
2022-09-30,Over the Moon,2020,https://boxd.it/3h0L9L,3.5,,,2022-06-21
2022-09-30,John Mulaney: Kid Gorgeous at Radio City,2018,https://boxd.it/3h0Lg3,4,,,2022-06-21
2022-09-30,The Farewell,2019,https://boxd.it/3h0LiN,4,,,2022-06-21
2022-09-30,Your Highness,2011,https://boxd.it/3h0JYH,1,,,2022-07-04
2022-11-23,Waiting...,2005,https://boxd.it/3sA6An,5,Yes,,2022-07-08
2022-09-30,Steven Universe Future,2019,https://boxd.it/3h0K4b,4,Yes,femme attic,2022-07-15
2023-03-07,The Suicide Squad,2021,https://boxd.it/3WVaTl,5,,,2022-07-15
2022-11-23,The Nice Guys,2016,https://boxd.it/3stAip,5,Yes,,2022-07-16
2022-09-30,The Fifth Element,1997,https://boxd.it/3h0JSf,5,Yes,femme attic,2022-07-21
2022-11-21,Brüno,2009,https://boxd.it/3s8Bld,1.5,,femme attic,2022-07-23
2022-10-26,"Crouching Tiger, Hidden Dragon",2000,https://boxd.it/3mxBnf,3,,film society,2022-07-27
2022-10-26,Double King,2017,https://boxd.it/3mxBNH,2.5,,film society,2022-07-27
2022-09-30,Kill Bill: Vol. 1,2003,https://boxd.it/3h0Kvr,4,Yes,femme attic,2022-08-05
2022-09-30,Bill & Ted's Excellent Adventure,1989,https://boxd.it/3h0LrZ,2.5,Yes,lana,2022-08-08
2022-09-30,The Addams Family,1991,https://boxd.it/3h0JEx,3,,,2022-08-26
2022-09-30,Addams Family Values,1993,https://boxd.it/3h0JGN,4,,,2022-08-26
2022-09-30,Pariah,2011,https://boxd.it/3h0JYx,3,,film society,2022-08-26
2022-09-30,The Legend of Pipi,2022,https://boxd.it/3h0Kb7,5,Yes,film society,2022-08-26
2022-09-30,American Pie,1999,https://boxd.it/3h0Keb,0.5,,femme attic,2022-08-26
2022-09-30,Encanto,2021,https://boxd.it/3h0KyP,2.5,,,2022-08-26
2022-09-30,Luck,2022,https://boxd.it/3h0L8t,0.5,,,2022-08-26
2022-09-30,The Sea Beast,2022,https://boxd.it/3h0LnX,2.5,,,2022-08-26
2022-10-26,Afronauts,2014,https://boxd.it/3mxB3T,0.5,,,2022-08-26
2022-09-30,Moon Knight,2022,https://boxd.it/3h0JFb,4,,,2022-08-31
2022-09-30,Do the Right Thing,1989,https://boxd.it/3h0Lsj,1.5,,,2022-08-31
2022-09-30,Prey,2022,https://boxd.it/3h0JRV,4.5,,h,2022-09-03
2022-09-30,The Mummy,1999,https://boxd.it/3h0JUb,2,,,2022-09-03
2022-09-30,Ghostbusters: Afterlife,2021,https://boxd.it/3h0KRR,2,,,2022-09-03
2023-01-01,Bee and PuppyCat,2013,https://boxd.it/3CCUXP,5,,,2022-09-04
2022-09-30,Thor: Love and Thunder,2022,https://boxd.it/3h0JHV,1,,,2022-09-13
2022-09-30,Underworld,2003,https://boxd.it/3h0KBp,3,Yes,femme attic,2022-09-13
2022-09-30,Venom: Let There Be Carnage,2021,https://boxd.it/3h0L7v,2,,,2022-09-13
2022-09-30,Bill & Ted's Bogus Journey,1991,https://boxd.it/3h0JEH,1,,lana,2022-09-14
2022-09-30,The Watermelon Woman,1996,https://boxd.it/3h0JRB,2.5,,film society,2022-09-14
2022-09-30,Shrek 2,2004,https://boxd.it/3h0Kz9,4,Yes,,2022-09-14
2022-09-30,Waiting...,2005,https://boxd.it/3h0KFL,2.5,Yes,femme attic,2022-09-14
2022-09-30,Underworld: Evolution,2006,https://boxd.it/3h0KMH,2.5,Yes,femme attic,2022-09-14
2022-09-30,Clue,1985,https://boxd.it/3h0Ll3,3.5,,,2022-09-14
2022-09-30,Tank Girl,1995,https://boxd.it/3h0JOx,2,,film society,2022-09-15
2022-09-30,Fright Night,2011,https://boxd.it/3h0K6B,3.5,,femme attic,2022-09-15
2022-09-30,D.E.B.S.,2003,https://boxd.it/3h0KEj,3.5,,film society,2022-09-15
2022-09-30,Do Revenge,2022,https://boxd.it/3h0K3H,0.5,,femme attic,2022-09-23
2022-09-30,Bodies Bodies Bodies,2022,https://boxd.it/3h0Lf5,4,,femme attic,2022-09-23
2022-09-30,Werewolves Within,2021,https://boxd.it/3h0Lo7,3.5,,femme attic,2022-09-25
2022-09-30,Shiva Baby,2020,https://boxd.it/3h0JNp,4,,femme attic,2022-09-27
2022-09-30,X-Men,2000,https://boxd.it/3h0JX5,3,Yes,femme attic,2022-09-28
2022-09-30,Charlie's Angels,2019,https://boxd.it/3h0KXZ,1.5,,,2022-09-28
2022-09-30,In Bruges,2008,https://boxd.it/3h0Lbx,3.5,,,2022-09-28
2022-09-30,She-Hulk: Attorney at Law,2022,https://boxd.it/3h0JJd,0.5,,femme attic,2022-09-29
2022-09-30,Ms. Marvel,2022,https://boxd.it/3h0JJn,2,,,2022-09-29
2022-09-30,X2,2003,https://boxd.it/3h0Kxn,3,Yes,femme attic,2022-09-29
2022-10-06,Bram Stoker's Dracula,1992,https://boxd.it/3ikj93,2.5,,film society,2022-10-05
2022-10-26,Vampire Gastelbrau,2011,https://boxd.it/3mxAAn,3,,film society,2022-10-05
2022-10-10,Inglourious Basterds,2009,https://boxd.it/3jggqB,2.5,Yes,femme attic,2022-10-07
2022-10-10,Josie and the Pussycats,2001,https://boxd.it/3jgi6t,3,Yes,,2022-10-08
2022-10-10,I Care a Lot,2020,https://boxd.it/3jghxt,3,,femme attic,2022-10-09
2022-10-11,What If,2013,https://boxd.it/3jo621,1.5,Yes,Ruby,2022-10-10
2022-10-12,This Is Where I Leave You,2014,https://boxd.it/3jwZPN,3,,,2022-10-11
2022-09-30,The Birdcage,1996,https://boxd.it/3h0JPb,4,Yes,,2022-10-12
2022-10-12,Burrow,2020,https://boxd.it/3jxAQX,3.5,,,2022-10-12
2022-10-12,Rejected,2000,https://boxd.it/3jxAVt,1,,,2022-10-12
2022-10-12,Greener Grass,2019,https://boxd.it/3jzBnB,2,,,2022-10-12
2022-10-13,Saving Face,2004,https://boxd.it/3jNqiN,3,,,2022-10-13
2022-10-13,Bud Abbott and Lou Costello Meet Frankenstein,1948,https://boxd.it/3jQbVB,1.5,,,2022-10-13
2022-10-14,James Acaster: Cold Lasagne Hate Myself 1999,2020,https://boxd.it/3k3etV,3,,,2022-10-13
2022-10-14,Harold & Kumar Go to White Castle,2004,https://boxd.it/3k3dB5,3,,,2022-10-14
2022-10-14,Kate & Leopold,2001,https://boxd.it/3k3e4V,1.5,,,2022-10-14
2022-10-14,Safety Not Guaranteed,2012,https://boxd.it/3k3GiL,1.5,,,2022-10-14
2022-10-15,Imagine Me & You,2005,https://boxd.it/3ke71R,1.5,,,2022-10-15
2022-10-15,Galaxy Quest,1999,https://boxd.it/3keizb,2.5,Yes,,2022-10-15
2022-10-15,Burn After Reading,2008,https://boxd.it/3kgVSb,1.5,,,2022-10-15
2022-10-18,Die Hard,1988,https://boxd.it/3kXn2V,2,Yes,femme attic,2022-10-18
2022-10-22,Gone Girl,2014,https://boxd.it/3lCI83,3.5,,femme attic,2022-10-20
2022-10-23,Hard Candy,2005,https://boxd.it/3lS5mH,4,Yes,femme attic,2022-10-22
2022-10-25,Fargo,1996,https://boxd.it/3mjZoj,5,Yes,femme attic,2022-10-24
2022-10-25,Election,1999,https://boxd.it/3mqtAB,4.5,,femme attic,2022-10-25
2022-10-27,Lake Mungo,2008,https://boxd.it/3mOYEn,2.5,,,2022-10-27
2022-10-29,Bullet Train,2022,https://boxd.it/3ncUlJ,2,,femme attic,2022-10-29
2022-10-29,Fallen,2016,https://boxd.it/3ncUrH,0.5,,femme attic,2022-10-29
2022-09-30,School of Rock,2003,https://boxd.it/3h0KDP,3,Yes,femme attic,2022-10-30
2022-10-31,An American Werewolf in London,1981,https://boxd.it/3nHT7N,4.5,,femme attic,2022-10-31
2022-10-31,Hellraiser,1987,https://boxd.it/3nJ469,0.5,,femme attic,2022-10-31
2022-11-01,Prey,2022,https://boxd.it/3nYrGz,4.5,Yes,femme attic,2022-11-01
2022-11-02,"Juliet, Naked",2018,https://boxd.it/3oaH7f,4,Yes,femme attic,2022-11-02
2022-11-04,Alien,1979,https://boxd.it/3osQaN,5,Yes,femme attic,2022-11-03
2022-11-04,Uncut Gems,2019,https://boxd.it/3oz3kt,3.5,,femme attic,2022-11-04
2022-11-05,A Simple Favor,2018,https://boxd.it/3oLVCP,4,,femme attic,2022-11-05
2022-11-08,The Wolf of Snow Hollow,2020,https://boxd.it/3pnD7b,2.5,,,2022-11-06
2022-11-08,Scott Pilgrim vs. the World,2010,https://boxd.it/3pnvQd,3.5,Yes,femme attic,2022-11-07
2022-11-08,Over the Garden Wall,2014,https://boxd.it/3pvLwJ,4,,femme attic,2022-11-08
2022-11-10,Lot 36,2022,https://boxd.it/3pKXTb,3,,femme attic,2022-11-09
2022-11-11,Guns Akimbo,2019,https://boxd.it/3pWcqv,1.5,,femme attic,2022-11-10
2022-11-11,"Good Morning, Vietnam",1987,https://boxd.it/3pWcAF,2,,,2022-11-10
2022-11-12,George of the Jungle,1997,https://boxd.it/3q9901,2,Yes,,2022-11-11
2022-11-12,The School for Good and Evil,2022,https://boxd.it/3qcGNh,3,,,2022-11-12
2022-11-13,Aliens,1986,https://boxd.it/3qhX0r,4,Yes,femme attic,2022-11-12
2022-11-13,Parasite,2019,https://boxd.it/3qwChV,4.5,,femme attic,2022-11-13
2022-11-16,Vampire Academy,2014,https://boxd.it/3r7Nbt,2.5,,femme attic,2022-11-16
2022-11-17,Emily the Criminal,2022,https://boxd.it/3rfqvL,3.5,,femme attic,2022-11-16
2022-11-20,A Knight's Tale,2001,https://boxd.it/3rVg4J,3,Yes,,2022-11-18
2022-11-30,Harry Potter and the Order of the Phoenix,2007,https://boxd.it/3u3XdN,3.5,Yes,commonroom core,2022-11-18
2023-01-28,Magnifica,2022,https://boxd.it/3LUZAX,3.5,,,2022-11-18
2022-11-19,Frankenhooker,1990,https://boxd.it/3rD6a7,2.5,,,2022-11-19
2022-11-20,The Man from U.N.C.L.E.,2015,https://boxd.it/3rPMPb,3,Yes,femme attic,2022-11-19
2022-11-20,Plan B,2021,https://boxd.it/3rROQ5,4,,,2022-11-20
2022-11-20,The 'Burbs,1989,https://boxd.it/3rSWj1,2,,,2022-11-20
2022-11-21,"Love, Death & Robots: Jibaro",2022,https://boxd.it/3s7Kdb,0.5,,,2022-11-21
2022-11-21,Bird Box,2018,https://boxd.it/3s8MrL,3.5,Yes,femme attic,2022-11-21
2022-11-21,The Suicide Squad,2021,https://boxd.it/3s8O8h,5,Yes,femme attic,2022-11-21
2022-11-21,Attack the Block,2011,https://boxd.it/3scJiT,3.5,,,2022-11-21
2022-11-22,Swordfish,2001,https://boxd.it/3sotgV,2.5,,femme attic,2022-11-22
2022-11-23,Inkheart,2008,https://boxd.it/3sA91Z,2.5,Yes,,2022-11-23
2022-11-23,"Three Billboards Outside Ebbing, Missouri",2017,https://boxd.it/3sA9nL,5,,femme attic,2022-11-23
2022-11-24,Starship Troopers,1997,https://boxd.it/3sLlrH,4.5,,all-nighter,2022-11-24
2022-11-25,2001: A Space Odyssey,1968,https://boxd.it/3sMs4x,1.5,,all-nighter,2022-11-25
2022-11-25,Whiplash,2014,https://boxd.it/3sNaxX,5,,all-nighter,2022-11-25
2022-11-25,Keeping Mum,2005,https://boxd.it/3sNVQ3,3,Yes,all-nighter,2022-11-25
2022-11-25,Trick or Treat Scooby-Doo!,2022,https://boxd.it/3sUHm3,2.5,,,2022-11-25
2022-11-25,The Big Chill,1983,https://boxd.it/3sXawZ,4,,,2022-11-25
2022-11-25,This Is Spinal Tap,1984,https://boxd.it/3sXlvN,2.5,,,2022-11-25
2022-11-26,Vamps,2012,https://boxd.it/3sXP9H,3,,,2022-11-26
2022-12-01,Brother Bear,2003,https://boxd.it/3u9dYZ,4,,commonroom core,2022-11-30
2022-12-01,Brave,2012,https://boxd.it/3u9dv9,3.5,Yes,commonroom core,2022-12-01
2022-12-02,Enchanted,2007,https://boxd.it/3uov1L,2.5,Yes,femme attic,2022-12-01
2022-12-02,Death Becomes Her,1992,https://boxd.it/3upHL9,4,Yes,femme attic,2022-12-02
2023-01-21,Vagina Vacation,2009,https://boxd.it/3JS89R,3,,femme attic,2022-12-02
2022-12-03,The Unbearable Weight of Massive Talent,2022,https://boxd.it/3uBdmn,4,,femme attic,2022-12-03
2022-12-09,You Don't Mess with the Zohan,2008,https://boxd.it/3vLaih,0.5,Yes,femme attic,2022-12-07
2022-12-08,The Shape of Water,2017,https://boxd.it/3vGqsd,5,,femme attic,2022-12-08
2022-12-09,Smiley Face,2007,https://boxd.it/3vRQp7,4,,femme attic,2022-12-09
2022-12-10,Battle Royale,2000,https://boxd.it/3w4DNB,3.5,,femme attic,2022-12-10
2022-12-12,Lara Croft: Tomb Raider,2001,https://boxd.it/3wzOUF,2.5,Yes,femme attic,2022-12-12
2022-12-13,Women on the Verge of a Nervous Breakdown,1988,https://boxd.it/3wNeer,4.5,,femme attic,2022-12-13
2022-12-16,The Devil Wears Prada,2006,https://boxd.it/3xqKer,3,Yes,femme attic,2022-12-16
2023-01-01,Malignant,2021,https://boxd.it/3CE8AR,1,,femme attic,2022-12-18
2022-12-19,Monster Hunter,2020,https://boxd.it/3ydN9d,1,,femme attic,2022-12-19
2022-12-26,Raising Arizona,1987,https://boxd.it/3AbgUJ,3,,,2022-12-26
2022-12-26,Charade,1963,https://boxd.it/3AjvYH,2,,,2022-12-26
2022-12-27,Millennium Actress,2001,https://boxd.it/3ACN1h,3,,,2022-12-27
2022-12-27,WarGames,1983,https://boxd.it/3AHzlH,4.5,,,2022-12-27
2022-12-27,Buffy the Vampire Slayer,1992,https://boxd.it/3AIdGF,2,,,2022-12-27
2022-12-27,Office Space,1999,https://boxd.it/3AILMR,3,,,2022-12-27
2022-12-29,The Full Monty,1997,https://boxd.it/3BrHxN,3.5,,,2022-12-29
2022-12-29,The Adam Project,2022,https://boxd.it/3Bvsfd,4,,,2022-12-29
2023-01-01,Kiss Kiss Bang Bang,2005,https://boxd.it/3CxiKN,3,,,2023-01-01
2023-01-01,Kissing Jessica Stein,2001,https://boxd.it/3CCQVl,2,,,2023-01-01
2023-01-02,Mansfield Park,1999,https://boxd.it/3CF4rt,3,,,2023-01-02
2023-01-02,Velvet Goldmine,1998,https://boxd.it/3D0TEv,3,,,2023-01-02
2023-01-02,Nightcrawler,2014,https://boxd.it/3D5sVJ,4,,femme attic,2023-01-02
2023-01-03,Knives Out,2019,https://boxd.it/3DvqR3,4.5,Yes,"femme attic, commonroom core",2023-01-03
2023-01-03,Glass Onion,2022,https://boxd.it/3DwBvT,3,,femme attic,2023-01-03
2023-01-04,Being John Malkovich,1999,https://boxd.it/3DVOGv,4.5,Yes,femme attic,2023-01-04
2023-01-01,Drop Dead Gorgeous,1999,https://boxd.it/3CE8QP,3,,femme attic,2023-01-05
2023-01-06,A Quiet Place,2018,https://boxd.it/3Eye4N,3.5,Yes,femme attic,2023-01-06
2023-01-07,A Quiet Place Part II,2020,https://boxd.it/3EOinB,3,,"commonroom core, femme attic",2023-01-06
2023-01-28,Under This Luminous Sky,2022,https://boxd.it/3LV0aL,4,,,2023-01-06
2023-01-07,Feels Good Man,2020,https://boxd.it/3F3v9R,3.5,,,2023-01-07
2023-01-07,"The Adventures of Priscilla, Queen of the Desert",1994,https://boxd.it/3F614j,4,,femme attic,2023-01-07
2023-01-08,Adaptation.,2002,https://boxd.it/3FxHHV,1.5,,femme attic,2023-01-08
2023-01-09,Good Bye Lenin!,2003,https://boxd.it/3FZrF1,3.5,,femme attic,2023-01-09
2023-01-10,Seven Psychopaths,2012,https://boxd.it/3GkNFz,3.5,,femme attic,2023-01-10
2023-01-11,The Menu,2022,https://boxd.it/3GFpmZ,5,,femme attic,2023-01-11
2023-01-12,Eternal Sunshine of the Spotless Mind,2004,https://boxd.it/3GYQt7,4,,femme attic,2023-01-12
2023-01-14,Abraham Lincoln: Vampire Hunter,2012,https://boxd.it/3HB3WH,1.5,,commonroom core,2023-01-13
2023-01-15,Spider-Man,2002,https://boxd.it/3HNUrr,3.5,,femme attic,2023-01-14
2023-01-16,Moon,2009,https://boxd.it/3IpCKh,2,,femme attic,2023-01-16
2023-01-17,The Menu,2022,https://boxd.it/3IJoPR,5,Yes,commonroom core,2023-01-17
2023-01-21,"Night Is Short, Walk on Girl",2017,https://boxd.it/3JPEOL,5,,femme attic,2023-01-19
2023-01-22,Run Lola Run,1998,https://boxd.it/3KfjIp,4,,femme attic,2023-01-22
2023-01-25,Puss in Boots: The Last Wish,2022,https://boxd.it/3LcSJP,3.5,,femme attic,2023-01-25
2023-01-28,Turning Red,2022,https://boxd.it/3LUAOP,4.5,Yes,femme attic,2023-01-27
2023-01-28,Kick-Heart,2013,https://boxd.it/3LUQM1,4.5,,,2023-01-28
2023-01-28,Marcel the Shell with Shoes On,2021,https://boxd.it/3LYsfZ,4.5,,femme attic,2023-01-28
2023-01-28,Hansel & Gretel: Witch Hunters,2013,https://boxd.it/3M7rht,2,,,2023-01-28
2023-01-28,Van Helsing,2004,https://boxd.it/3M7rLN,1.5,,,2023-01-28
2023-02-02,After Hours,1985,https://boxd.it/3NG3bF,1.5,,femme attic,2023-02-02
2023-02-03,"I, Tonya",2017,https://boxd.it/3NXvmv,4,,femme attic,2023-02-03
2023-02-04,Black Panther: Wakanda Forever,2022,https://boxd.it/3O9DCF,2,,,2023-02-04
2023-02-08,Once,2007,https://boxd.it/3PwI5r,2.5,,femme attic,2023-02-08
2023-02-09,Æon Flux,2005,https://boxd.it/3PLJuR,2,Yes,femme attic,2023-02-09
2023-02-10,Akira,1988,https://boxd.it/3Q0nQB,4,,femme attic,2023-02-10
2023-02-16,Swiss Army Man,2016,https://boxd.it/3RBrJ3,3,,femme attic,2023-02-11
2023-02-16,John Wick: Chapter 3 – Parabellum,2019,https://boxd.it/3RBqsP,2,,,2023-02-13
2023-02-16,After Yang,2021,https://boxd.it/3RBsat,4,,femme attic,2023-02-16
2023-02-18,High Fidelity,2000,https://boxd.it/3S9n2R,4,,femme attic,2023-02-18
2023-02-20,Scream,1996,https://boxd.it/3SGa55,4.5,,femme attic,2023-02-19
2023-02-20,Practical Magic,1998,https://boxd.it/3SOlRF,2,Yes,femme attic,2023-02-19
2023-02-20,Alita: Battle Angel,2019,https://boxd.it/3SOn0D,4,,,2023-02-20
2023-02-20,The Fifth Element,1997,https://boxd.it/3SPb8d,4,Yes,,2023-02-20
2023-04-30,Wendell & Wild,2022,https://boxd.it/4bATtF,3,,femme attic,2023-02-23
2023-02-26,National Theatre Live: Fleabag,2019,https://boxd.it/3Uwrw1,4.5,,,2023-02-26
2023-02-26,Teen Wolf,1985,https://boxd.it/3Uwsub,2,,,2023-02-26
2023-03-07,But I'm a Cheerleader,1999,https://boxd.it/3WT2OD,5,Yes,film society,2023-03-01
2023-03-07,Shiva Baby,2018,https://boxd.it/3WT9cr,3,,film society,2023-03-01
2023-03-04,Silent Night,2021,https://boxd.it/3W6VNH,1.5,,femme attic,2023-03-04
2023-03-05,Ex Machina,2014,https://boxd.it/3WpY1f,3.5,,femme attic,2023-03-05
2023-03-23,Scary Movie 2,2001,https://boxd.it/41dAnn,1.5,,femme attic,2023-03-22
2023-03-24,Kick-Heart,2013,https://boxd.it/41zlQj,5,Yes,femme attic,2023-03-23
2023-03-24,Little Miss Sunshine,2006,https://boxd.it/41zlWV,5,,femme attic,2023-03-23
2023-03-24,The Birdcage,1996,https://boxd.it/41zQdn,5,Yes,femme attic,2023-03-24
2023-03-25,Hush,2016,https://boxd.it/41P92j,3,,femme attic,2023-03-25
2023-03-26,Cursed,2005,https://boxd.it/428DtR,1,,femme attic,2023-03-26
2023-03-27,House,1977,https://boxd.it/42sTYB,3.5,,femme attic,2023-03-27
2023-03-28,Treasure Planet,2002,https://boxd.it/42I4ht,4.5,Yes,femme attic,2023-03-28
2023-03-29,Rebels of the Neon God,1992,https://boxd.it/42Wzz7,2.5,,film society,2023-03-29
2023-03-30,Assassination Nation,2018,https://boxd.it/43aAg9,2.5,,femme attic,2023-03-30
2023-04-03,Pineapple Express,2008,https://boxd.it/44gfDH,1.5,,femme attic,2023-04-02
2023-04-05,Happiest Season,2020,https://boxd.it/44PG6F,3,,femme attic,2023-04-04
2023-04-25,Mystery Team,2009,https://boxd.it/4aiiYL,2.5,,,2023-04-05
2023-04-08,This Is Going to Hurt,2022,https://boxd.it/45HVyn,5,,,2023-04-08
2023-04-09,Smiling Friends,2020,https://boxd.it/45Tg9v,3,,,2023-04-09
2023-04-11,Wild Tales,2014,https://boxd.it/46AjGX,4.5,,femme attic,2023-04-11
2023-04-11,Spotlight,2015,https://boxd.it/46H1Rd,4.5,,femme attic,2023-04-11
2023-04-12,The Nice Guys,2016,https://boxd.it/46X2ej,4.5,Yes,femme attic,2023-04-12
2023-04-12,Duck Amuck,1953,https://boxd.it/46X6Z9,4,,,2023-04-12
2023-04-14,Whip It,2009,https://boxd.it/47pUt9,4.5,Yes,femme attic,2023-04-14
2023-04-16,Suzume,2022,https://boxd.it/47YeXV,4.5,,commonroom core,2023-04-16
2023-04-18,TÁR,2022,https://boxd.it/48xfrV,3,,femme attic,2023-04-16
2023-04-21,Kick-Heart,2013,https://boxd.it/49dq69,5,Yes,boy,2023-04-21
2023-04-23,Buddy Daddies,2023,https://boxd.it/49JLpP,4,,,2023-04-23
2023-04-25,Thelma & Louise,1991,https://boxd.it/4anEEX,5,,femme attic,2023-04-25
2023-04-30,Isle of Flowers,1989,https://boxd.it/4bASmt,4.5,,,2023-04-25
2023-04-27,Romy and Michele's High School Reunion,1997,https://boxd.it/4aPwlz,3.5,,,2023-04-26
2023-05-18,"To Wong Foo, Thanks for Everything! Julie Newmar",1995,https://boxd.it/4g8jgJ,3.5,,,2023-04-26
2023-04-27,Babylon,2022,https://boxd.it/4aOQu5,1.5,,,2023-04-27
2023-04-27,Hairspray,2007,https://boxd.it/4aRjwt,3.5,,x,2023-04-27
2023-04-29,The Beach Bum,2019,https://boxd.it/4be8bF,2.5,,femme attic,2023-04-28
2023-04-29,Sugar & Spice,2001,https://boxd.it/4beixr,3,,,2023-04-29
2023-04-29,Barbie Video Game Hero,2017,https://boxd.it/4besgb,1,,,2023-04-29
2023-04-29,Breakfast at Tiffany's,1961,https://boxd.it/4bjX4F,4,,,2023-04-29
2023-04-29,The Vampire Lovers,1970,https://boxd.it/4bkDkb,3,,,2023-04-29
2023-05-01,The Gay and Wondrous Life of Caleb Gallo,2016,https://boxd.it/4bX2bz,5,,femme attic,2023-04-30
2023-05-01,Fantastic Four,2005,https://boxd.it/4bX3ir,3,,x,2023-04-30
2023-05-01,Anaconda,1997,https://boxd.it/4bXlAN,1.5,,x,2023-05-01
2023-05-04,Franz Kafka's a Country Doctor,2007,https://boxd.it/4cBlEF,2.5,,"femme attic, film society",2023-05-03
2023-05-04,Badlands,1973,https://boxd.it/4cBkln,2.5,,"femme attic, film society",2023-05-04
2023-05-05,Tour de Pharmacy,2017,https://boxd.it/4cZmEz,3,,,2023-05-05
2023-05-05,Best in Show,2000,https://boxd.it/4d0B0B,2.5,,,2023-05-05
2023-05-11,Ali Wong: Don Wong,2022,https://boxd.it/4ez0uj,1.5,,,2023-05-06
2023-05-07,Morgan,2016,https://boxd.it/4dAvZF,2.5,,x,2023-05-07
2023-05-07,Madagascar 3: Europe's Most Wanted,2012,https://boxd.it/4dBq9L,2.5,,x,2023-05-07
2023-05-07,Hellboy,2004,https://boxd.it/4dBr0v,2.5,,x,2023-05-07
2023-05-10,Never Rarely Sometimes Always,2020,https://boxd.it/4ep9Mh,4.5,,"film society, femme attic",2023-05-10
2023-05-12,This Is the End,2013,https://boxd.it/4eHUNn,2,,femme attic,2023-05-11
2023-05-16,The Road to El Dorado,2000,https://boxd.it/4fFVV3,4.5,Yes,commonroom core,2023-05-12
2023-05-14,Bad Education,2019,https://boxd.it/4fiPqx,4,,x,2023-05-14
2023-05-18,Looney Tunes: Back in Action,2003,https://boxd.it/4g8hAd,2.5,,ruby,2023-05-17
2023-05-20,In the Loop,2009,https://boxd.it/4gI6qD,4.5,,ruby,2023-05-20
2023-05-21,Earth Girls Are Easy,1988,https://boxd.it/4gYw9l,3.5,,,2023-05-21
2023-05-21,Bottle Rocket,1996,https://boxd.it/4gYzLd,3,,,2023-05-21
2023-05-21,Batman & Robin,1997,https://boxd.it/4gZbwP,1.5,,femme attic,2023-05-21
2023-05-22,Barbarella,1968,https://boxd.it/4h0xBJ,4,,,2023-05-22
2023-05-22,The Social Network,2010,https://boxd.it/4habAz,4,,x,2023-05-22
2023-05-22,The Muppets,2011,https://boxd.it/4hhuNL,1,,femme attic,2023-05-22
2023-05-23,Female Trouble,1974,https://boxd.it/4hwS6h,3,,femme attic,2023-05-23
2023-05-25,Saved!,2004,https://boxd.it/4hYF4j,3,,,2023-05-25
2023-05-26,All Cheerleaders Die,2013,https://boxd.it/4i6mwT,2.5,,,2023-05-26
2023-05-27,A League of Their Own,1992,https://boxd.it/4ijNyj,3.5,,,2023-05-27
2023-05-27,War on Everyone,2016,https://boxd.it/4ikged,1,,,2023-05-27
2023-05-27,Secretary,2002,https://boxd.it/4ikRN5,3.5,,,2023-05-27
2023-05-27,Big Little Lies,2017,https://boxd.it/4ipYFR,4.5,,femme attic,2023-05-27
2023-05-27,Analyze This,1999,https://boxd.it/4iqJAz,3,,,2023-05-27
2023-05-28,Home Again,2017,https://boxd.it/4iyTmX,2.5,,,2023-05-28
2023-05-28,She-Devil,1989,https://boxd.it/4iAuaB,3.5,,,2023-05-28
2023-05-29,Léon: The Professional,1994,https://boxd.it/4iWL87,4.5,,femme attic,2023-05-28
2023-05-29,The Super Mario Bros. Movie,2023,https://boxd.it/4iZZ8B,2,,x,2023-05-29
2023-05-31,Attack the Block,2011,https://boxd.it/4juPVv,3.5,Yes,"film society, femme attic",2023-05-31
2023-06-02,Kick-Heart,2013,https://boxd.it/4jTdKp,5,Yes,"film society, femme attic",2023-05-31
2023-06-02,"Right Place, Wrong Tim",2018,https://boxd.it/4jTegZ,3.5,,"film society, femme attic",2023-05-31
2023-06-01,Easy A,2010,https://boxd.it/4jJghl,4,Yes,femme attic,2023-06-01
2023-06-04,Legally Blonde,2001,https://boxd.it/4kyHbL,3,,lana,2023-06-04
2023-06-08,Batman Returns,1992,https://boxd.it/4lBWsd,3.5,,femme attic,2023-06-06
2023-06-07,Party Monster,2003,https://boxd.it/4lkygN,2.5,,,2023-06-07
2023-06-08,Big Fat Liar,2002,https://boxd.it/4lEOzB,2,,x,2023-06-08
2023-06-08,Pride & Prejudice,2005,https://boxd.it/4lF62b,4.5,,,2023-06-08
2023-06-09,A Perfect Getaway,2009,https://boxd.it/4lVI4B,2.5,,femme attic,2023-06-09
2023-06-10,How to Lose a Guy in 10 Days,2003,https://boxd.it/4m4d0V,3.5,,,2023-06-10
2023-06-10,Fried Green Tomatoes,1991,https://boxd.it/4m7vq9,4,,,2023-06-10
2023-06-10,Nine to Five,1980,https://boxd.it/4mbkqZ,4,,,2023-06-10
2023-06-11,Steel Magnolias,1989,https://boxd.it/4mrNO9,2,,,2023-06-11
2023-06-11,Maniac,2018,https://boxd.it/4mtepR,4,,x,2023-06-11
2023-06-14,Zola,2020,https://boxd.it/4nhMYh,5,,femme attic,2023-06-14
2023-06-15,Sinbad: Legend of the Seven Seas,2003,https://boxd.it/4nwAaJ,3,Yes,x,2023-06-15
2023-07-01,Renfield,2023,https://boxd.it/4rYBsh,2,,,2023-06-15
2023-06-16,Ready or Not,2019,https://boxd.it/4nN9ND,3,,femme attic,2023-06-16
2023-06-18,Hustlers,2019,https://boxd.it/4ooWqH,3.5,,femme attic,2023-06-18
2023-06-23,The Other Woman,2014,https://boxd.it/4pH1WD,1.5,,femme attic,2023-06-22
2023-06-23,House of Gucci,2021,https://boxd.it/4pH2Bh,1.5,,femme attic,2023-06-22
2023-06-24,Dungeons & Dragons: Honor Among Thieves,2023,https://boxd.it/4pWvWN,3,,ghouls,2023-06-23
2023-06-25,The Rocky Horror Picture Show,1975,https://boxd.it/4qeRbF,4.5,Yes,lana,2023-06-24
2023-06-25,Isle of Flowers,1989,https://boxd.it/4qmNQZ,4.5,Yes,femme attic,2023-06-25
2023-06-25,The Last Days of Disco,1998,https://boxd.it/4qnumD,4.5,,femme attic,2023-06-25
2023-06-27,Constantine,2005,https://boxd.it/4qSB2x,3,,"x, Jazz",2023-06-26
2023-06-27,Pitch Perfect,2012,https://boxd.it/4qSBEh,3,Yes,"x, jazz",2023-06-26
2023-06-27,D.E.B.S.,2004,https://boxd.it/4qZVTl,2.5,,"jazz, x",2023-06-27
2023-06-27,Spider-Man: Across the Spider-Verse,2023,https://boxd.it/4qZWa7,4.5,,femme attic,2023-06-27
2023-06-29,Mars Attacks!,1996,https://boxd.it/4rqTYn,3.5,,jazz,2023-06-28
2023-07-02,Daria in 'Is It Fall Yet?',2000,https://boxd.it/4shB5l,4,,,2023-06-28
2023-06-29,Trigun: Badlands Rumble,2010,https://boxd.it/4rytkn,3.5,,devo,2023-06-29
2023-07-02,Punch-Drunk Love,2002,https://boxd.it/4shn4j,5,,"femme attic, jazz",2023-07-01
2023-07-02,It's a Boy Girl Thing,2006,https://boxd.it/4spYaf,3,,"commonroom core, all-nighter",2023-07-02
2023-07-02,Mr. & Mrs. Smith,2005,https://boxd.it/4spYHX,4.5,Yes,"all-nighter, commonroom core",2023-07-02
2023-07-03,Ace Ventura: Pet Detective,1994,https://boxd.it/4sr4p3,0.5,,"commonroom core, all-nighter",2023-07-03
2023-07-03,She's All That,1999,https://boxd.it/4sL9CV,2.5,Yes,"commonroom core, all-nighter",2023-07-03
2023-07-03,Girl 6,1996,https://boxd.it/4sL9Ul,2.5,,x,2023-07-03
2023-07-04,Nimona,2023,https://boxd.it/4t4a6J,4,,,2023-07-04
2023-07-04,The Voices,2014,https://boxd.it/4t4atD,2.5,,x,2023-07-04
2023-07-06,Hunt for the Wilderpeople,2016,https://boxd.it/4tCCu3,3,,x,2023-07-06
2023-07-06,The Handmaiden,2016,https://boxd.it/4tExu7,5,,"x, extended, costumes",2023-07-06
2023-07-07,65,2023,https://boxd.it/4tNfR1,2.5,,,2023-07-07
2023-07-07,Emma.,2020,https://boxd.it/4tV9ar,5,Yes,femme attic,2023-07-07
2023-07-08,Daria in 'Is It College Yet?',2002,https://boxd.it/4u8wMf,4,,,2023-07-08
2023-07-08,Destino,2003,https://boxd.it/4ubbub,3,,,2023-07-08
2023-07-08,Far from the Tree,2021,https://boxd.it/4ubkz5,4.5,,,2023-07-08
2023-07-09,Wolfwalkers,2020,https://boxd.it/4uwMCj,4.5,,femme attic,2023-07-09
2023-07-10,James Acaster: Repertoire,2018,https://boxd.it/4uNGgZ,4,,ruby,2023-07-10
2023-07-10,The Stepford Wives,1975,https://boxd.it/4uSs9Z,4,,,2023-07-10
2023-07-14,Pan's Labyrinth,2006,https://boxd.it/4vSrb5,3.5,,"h, x",2023-07-13
2023-08-02,Charlie's Angels,2000,https://boxd.it/4D2rNB,3,Yes,h,2023-07-15
2023-07-17,Carnage,2011,https://boxd.it/4wQv5b,3,,h,2023-07-17
2023-07-17,Igby Goes Down,2002,https://boxd.it/4x0VeX,3.5,,,2023-07-17
2023-07-20,"Lock, Stock and Two Smoking Barrels",1998,https://boxd.it/4xVUOf,3.5,Yes,,2023-07-20
2023-07-21,mid90s,2018,https://boxd.it/4y8rS9,3.5,,,2023-07-21
2023-07-22,My Favorite Shapes by Julio Torres,2019,https://boxd.it/4yvXoh,3,,,2023-07-22
2023-07-22,Airplane!,1980,https://boxd.it/4yKtLl,3,Yes,h,2023-07-22
2023-07-23,Lars and the Real Girl,2007,https://boxd.it/4zaHu1,4,,,2023-07-23
2023-07-23,World of Tomorrow,2015,https://boxd.it/4zbpqd,4,,,2023-07-23
2023-07-25,Train to Busan,2016,https://boxd.it/4AaiMN,4,Yes,h,2023-07-25
2023-07-30,Oppenheimer,2023,https://boxd.it/4BG5UR,4,,h,2023-07-29
2023-07-31,Barbie,2023,https://boxd.it/4ChK55,4.5,,,2023-07-29
2023-07-31,Wild Tales,2014,https://boxd.it/4CiqT7,4.5,Yes,,2023-07-30
2023-08-01,The Bling Ring,2013,https://boxd.it/4CJtQz,2,,,2023-08-01
2023-08-02,How to Blow Up a Pipeline,2022,https://boxd.it/4D2orx,4,,,2023-08-01
2023-08-03,They Cloned Tyrone,2023,https://boxd.it/4DwWuv,3.5,,,2023-08-03
