Date,Name,Year,Letterboxd URI,Rating
2022-09-30,Megamind,2010,https://boxd.it/16Sk,4
2022-09-30,(500) Days of Summer,2009,https://boxd.it/1EmM,2
2022-09-30,The Proposal,2009,https://boxd.it/1HiS,4
2022-09-30,Up,2009,https://boxd.it/1OEc,2.5
2022-09-30,Wild Child,2008,https://boxd.it/1P0C,4
2022-09-30,Alice in Wonderland,2010,https://boxd.it/1Spq,1.5
2022-09-30,Cloverfield,2008,https://boxd.it/2192,3
2022-09-30,The Addams Family,1991,https://boxd.it/267g,3
2022-09-30,Addams Family Values,1993,https://boxd.it/26mq,4
2022-09-30,Bill & Ted's Bogus Journey,1991,https://boxd.it/28oy,1
2022-09-30,Suspiria,2018,https://boxd.it/cioI,3.5
2022-09-30,Moon Knight,2022,https://boxd.it/zeDq,4
2022-09-30,Dark Shadows,2012,https://boxd.it/bQ2,2
2022-09-30,Paul,2011,https://boxd.it/13uE,3
2022-09-30,TRON: Legacy,2010,https://boxd.it/1Dlo,3
2022-09-30,Fired Up!,2009,https://boxd.it/1HPi,1
2022-09-30,Twilight,2008,https://boxd.it/1Zui,4
2022-09-30,The Lion King,1994,https://boxd.it/201Q,3
2022-09-30,Four Weddings and a Funeral,1994,https://boxd.it/29KA,3.5
2022-09-30,Interview with the Vampire,1994,https://boxd.it/29XO,2.5
2022-09-30,The Shawshank Redemption,1994,https://boxd.it/2aHi,3.5
2022-09-30,Thor: Love and Thunder,2022,https://boxd.it/mMAY,1
2022-09-30,Ms. Marvel,2022,https://boxd.it/ANCY,2
2022-09-30,The Boat That Rocked,2009,https://boxd.it/1FZA,4.5
2022-09-30,Shutter Island,2010,https://boxd.it/1U82,4
2022-09-30,The Cable Guy,1996,https://boxd.it/1XAI,1
2022-09-30,The Craft,1996,https://boxd.it/1Zai,3
2022-09-30,Tank Girl,1995,https://boxd.it/1Zfs,2
2022-09-30,Jumanji,1995,https://boxd.it/1ZLI,3
2022-09-30,Trainspotting,1996,https://boxd.it/29XY,5
2022-09-30,Batman Forever,1995,https://boxd.it/2ara,0.5
2022-09-30,Adventure Time: Distant Lands,2020,https://boxd.it/qXPI,5
2022-09-30,Rango,2011,https://boxd.it/QPk,1.5
2022-09-30,The Truman Show,1998,https://boxd.it/18U8,3
2022-09-30,Hercules,1997,https://boxd.it/1SDW,3.5
2022-09-30,Mulan,1998,https://boxd.it/1VFw,3.5
2022-09-30,The Parent Trap,1998,https://boxd.it/1XJq,3.5
2022-09-30,Anastasia,1997,https://boxd.it/1YFk,4
2022-09-30,Men in Black,1997,https://boxd.it/2a0I,4
2022-09-30,Good Will Hunting,1997,https://boxd.it/2ahY,3.5
2022-09-30,The Lord of the Rings: The Fellowship of the Ring,2001,https://boxd.it/2b5O,2.5
2022-09-30,The Big Lebowski,1998,https://boxd.it/2b6C,1.5
2022-09-30,10 Cloverfield Lane,2016,https://boxd.it/aZiu,4.5
2022-09-30,21 Jump Street,2012,https://boxd.it/J0,1
2022-09-30,Looper,2012,https://boxd.it/ham,1
2022-09-30,RED,2010,https://boxd.it/13uu,3
2022-09-30,X-Men,2000,https://boxd.it/1a7s,3
2022-09-30,Get Him to the Greek,2010,https://boxd.it/1gyk,1
2022-09-30,Kick-Ass,2010,https://boxd.it/1zaQ,4
2022-09-30,The Twilight Saga: New Moon,2009,https://boxd.it/1Hj2,2
2022-09-30,Iron Man 2,2010,https://boxd.it/1WZM,1
2022-09-30,Corpse Bride,2005,https://boxd.it/24WQ,4
2022-09-30,Men in Black II,2002,https://boxd.it/2a0y,3.5
2022-09-30,Date Night,2010,https://boxd.it/2l5a,3.5
2022-09-30,We Need to Talk About Kevin,2011,https://boxd.it/2pTS,4
2022-09-30,Pariah,2011,https://boxd.it/2wWk,3
2022-09-30,The World's End,2013,https://boxd.it/3EiO,3
2022-09-30,Doctor Strange,2016,https://boxd.it/8MH8,2.5
2022-09-30,Venom,2018,https://boxd.it/b8wA,3.5
2022-09-30,Bad Teacher,2011,https://boxd.it/yXA,2
2022-09-30,The Twilight Saga: Breaking Dawn – Part 1,2011,https://boxd.it/DdM,3
2022-09-30,Arthur,2011,https://boxd.it/H58,1.5
2022-09-30,Ghostbusters,2016,https://boxd.it/Vm8,3
2022-09-30,The Twilight Saga: Eclipse,2010,https://boxd.it/1ytW,3
2022-09-30,SLC Punk,1998,https://boxd.it/21JY,4.5
2022-09-30,The Matrix,1999,https://boxd.it/2a1m,2.5
2022-09-30,Fight Club,1999,https://boxd.it/2a9q,4.5
2022-09-30,Iron Man 3,2013,https://boxd.it/2cBQ,1
2022-09-30,How to Be Single,2016,https://boxd.it/7GJq,1
2022-09-30,Luca,2021,https://boxd.it/ipjC,5
2022-09-30,Steven Universe Future,2019,https://boxd.it/pWN0,4
2022-09-30,Do Revenge,2022,https://boxd.it/sFiA,0.5
2022-09-30,Monsters University,2013,https://boxd.it/bQm,2.5
2022-09-30,Fright Night,2011,https://boxd.it/l1S,3.5
2022-09-30,The Help,2011,https://boxd.it/EDm,3.5
2022-09-30,You Again,2010,https://boxd.it/16iw,2
2022-09-30,The Road to El Dorado,2000,https://boxd.it/1W6s,4.5
2022-09-30,Big Daddy,1999,https://boxd.it/1ZkW,1
2022-09-30,The Lorax,2012,https://boxd.it/2w9M,3
2022-09-30,Rise of the Guardians,2012,https://boxd.it/2PXw,4
2022-09-30,Bridget Jones's Baby,2016,https://boxd.it/3jQU,2.5
2022-09-30,Baywatch,2017,https://boxd.it/biG6,1
2022-09-30,New Year's Eve,2011,https://boxd.it/als,3
2022-09-30,30 Minutes or Less,2011,https://boxd.it/bRa,1.5
2022-09-30,Midnight in Paris,2011,https://boxd.it/i4a,3
2022-09-30,"Crazy, Stupid, Love.",2011,https://boxd.it/D9A,3.5
2022-09-30,Contagion,2011,https://boxd.it/13rq,4.5
2022-09-30,American Reunion,2012,https://boxd.it/2qH4,0.5
2022-09-30,Jupiter Ascending,2015,https://boxd.it/2Evm,1
2022-09-30,Beautiful Creatures,2013,https://boxd.it/3GIk,1
2022-09-30,The Lego Movie,2014,https://boxd.it/4pDO,2.5
2022-09-30,The Legend of Pipi,2022,https://boxd.it/BOvw,5
2022-09-30,Kick-Ass 2,2013,https://boxd.it/hqu,1
2022-09-30,The Twilight Saga: Breaking Dawn – Part 2,2012,https://boxd.it/DdC,4
2022-09-30,Sleepy Hollow,1999,https://boxd.it/26u0,1
2022-09-30,American Pie,1999,https://boxd.it/27qy,0.5
2022-09-30,The Sixth Sense,1999,https://boxd.it/29Js,1
2022-09-30,The Lord of the Rings: The Return of the King,2003,https://boxd.it/2b5u,3
2022-09-30,The Lord of the Rings: The Two Towers,2002,https://boxd.it/2b5E,2.5
2022-09-30,Gladiator,2000,https://boxd.it/2b9m,1
2022-09-30,Now You See Me,2013,https://boxd.it/2Bsu,2.5
2022-09-30,The Dictator,2012,https://boxd.it/2DEW,1
2022-09-30,How to Train Your Dragon 2,2014,https://boxd.it/2TRW,4
2022-09-30,The Perks of Being a Wallflower,2012,https://boxd.it/2ZA8,2
2022-09-30,We're the Millers,2013,https://boxd.it/4srQ,3.5
2022-09-30,The DUFF,2015,https://boxd.it/8eP8,1
2022-09-30,But I'm a Cheerleader,1999,https://boxd.it/1CW4,5
2022-09-30,Django Unchained,2012,https://boxd.it/2cCk,4.5
2022-09-30,Paranormal Activity 3,2011,https://boxd.it/2o4O,2
2022-09-30,Wreck-It Ralph,2012,https://boxd.it/2TTS,3
2022-09-30,Moonrise Kingdom,2012,https://boxd.it/2Wng,4
2022-09-30,This Is 40,2012,https://boxd.it/39WI,3
2022-09-30,Guardians of the Galaxy,2014,https://boxd.it/3VH2,3.5
2022-09-30,The To Do List,2013,https://boxd.it/4dAo,2
2022-09-30,Carrie,2013,https://boxd.it/4kC2,3.5
2022-09-30,Barely Lethal,2015,https://boxd.it/7hMu,1
2022-09-30,Miss Peregrine's Home for Peculiar Children,2016,https://boxd.it/8KPu,3
2022-09-30,Black Panther,2018,https://boxd.it/8MHs,4
2022-09-30,Dirty Grandpa,2016,https://boxd.it/99pG,2
2022-09-30,The Edge of Seventeen,2016,https://boxd.it/d5nu,2
2022-09-30,The Hitman's Bodyguard,2017,https://boxd.it/dCmO,3
2022-09-30,Atlantis: The Lost Empire,2001,https://boxd.it/1Vck,4
2022-09-30,What Women Want,2000,https://boxd.it/24Sa,0.5
2022-09-30,Miss Congeniality,2000,https://boxd.it/28GM,3.5
2022-09-30,Moulin Rouge!,2001,https://boxd.it/29wI,3.5
2022-09-30,Snatch,2000,https://boxd.it/2b7U,3.5
2022-09-30,The Grand Budapest Hotel,2014,https://boxd.it/3ZqO,4.5
2022-09-30,About Time,2013,https://boxd.it/43bI,5
2022-09-30,Inside Out,2015,https://boxd.it/4KHC,3
2022-09-30,Big Hero 6,2014,https://boxd.it/5rje,4
2022-09-30,The Imitation Game,2014,https://boxd.it/6aig,3.5
2022-09-30,Tammy,2014,https://boxd.it/6GOS,0.5
2022-09-30,Final Girl,2015,https://boxd.it/8sD6,1.5
2022-09-30,Spider-Man: Homecoming,2017,https://boxd.it/aboM,3.5
2022-09-30,Valerian and the City of a Thousand Planets,2017,https://boxd.it/biYY,1.5
2022-09-30,Men in Black: International,2019,https://boxd.it/hdJw,2.5
2022-09-30,Love and Monsters,2020,https://boxd.it/lJ6E,4
2022-09-30,Rat Race,2001,https://boxd.it/1XAo,4
2022-09-30,Wet Hot American Summer,2001,https://boxd.it/27hw,0.5
2022-09-30,Bridget Jones's Diary,2001,https://boxd.it/29WQ,4
2022-09-30,Ocean's Eleven,2001,https://boxd.it/2aZm,3.5
2022-09-30,Spirited Away,2001,https://boxd.it/2b4m,3.5
2022-09-30,Avengers: Age of Ultron,2015,https://boxd.it/3qi6,1.5
2022-09-30,The Heat,2013,https://boxd.it/4p9a,1
2022-09-30,Hotel Transylvania 2,2015,https://boxd.it/4ZLk,2.5
2022-09-30,Focus,2015,https://boxd.it/7zl2,0.5
2022-09-30,The 5th Wave,2016,https://boxd.it/9wbi,0.5
2022-09-30,Arrival,2016,https://boxd.it/aNGk,4
2022-09-30,Keeping Up with the Joneses,2016,https://boxd.it/aS5y,2.5
2022-09-30,Coco,2017,https://boxd.it/bYJQ,4
2022-09-30,The Cloverfield Paradox,2018,https://boxd.it/doVA,2.5
2022-09-30,Isn't It Romantic,2019,https://boxd.it/g1jE,2
2022-09-30,X2,2003,https://boxd.it/1a7i,3
2022-09-30,Sweet Home Alabama,2002,https://boxd.it/1TDo,1
2022-09-30,Not Another Teen Movie,2001,https://boxd.it/1TWq,3
2022-09-30,The Girl Next Door,2004,https://boxd.it/1VSq,1
2022-09-30,The Royal Tenenbaums,2001,https://boxd.it/1YHU,2.5
2022-09-30,Catch Me If You Can,2002,https://boxd.it/29VS,4
2022-09-30,About a Boy,2002,https://boxd.it/2aMC,2.5
2022-09-30,Kingsman: The Secret Service,2014,https://boxd.it/6dxe,3
2022-09-30,The Fault in Our Stars,2014,https://boxd.it/6BQa,3
2022-09-30,The Interview,2014,https://boxd.it/6KQ4,1
2022-09-30,Annihilation,2018,https://boxd.it/9yzm,3.5
2022-09-30,Game Night,2018,https://boxd.it/fRtu,3.5
2022-09-30,Jojo Rabbit,2019,https://boxd.it/iEBG,4
2022-09-30,Elf,2003,https://boxd.it/1VyK,1.5
2022-09-30,Freaky Friday,2003,https://boxd.it/1WwK,3
2022-09-30,The Incredibles,2004,https://boxd.it/1XLm,4
2022-09-30,Bridget Jones: The Edge of Reason,2004,https://boxd.it/1XMa,2.5
2022-09-30,Harry Potter and the Chamber of Secrets,2002,https://boxd.it/29QI,2.5
2022-09-30,Big Fish,2003,https://boxd.it/2a3M,2
2022-09-30,The Ring,2002,https://boxd.it/2a70,1.5
2022-09-30,Love Actually,2003,https://boxd.it/2aeU,2.5
2022-09-30,Underworld,2003,https://boxd.it/2aHs,3
2022-09-30,Pride,2014,https://boxd.it/6TwM,4
2022-09-30,Fantastic Beasts and Where to Find Them,2016,https://boxd.it/7FPC,3.5
2022-09-30,Circle,2015,https://boxd.it/b5So,2.5
2022-09-30,Sierra Burgess Is a Loser,2018,https://boxd.it/gyP4,1
2022-09-30,A Beautiful Day in the Neighborhood,2019,https://boxd.it/i7vA,1.5
2022-09-30,Soul,2020,https://boxd.it/ioLA,3
2022-09-30,Encanto,2021,https://boxd.it/kPRu,2.5
2022-09-30,Pirates of the Caribbean: The Curse of the Black Pearl,2003,https://boxd.it/70G,3
2022-09-30,The Cat Returns,2002,https://boxd.it/1Mne,2
2022-09-30,Coraline,2009,https://boxd.it/1NhQ,3.5
2022-09-30,13 Going on 30,2004,https://boxd.it/1X6e,1.5
2022-09-30,Over the Hedge,2006,https://boxd.it/20QY,3
2022-09-30,Howl's Moving Castle,2004,https://boxd.it/23De,3
2022-09-30,D.E.B.S.,2003,https://boxd.it/5sBy,3.5
2022-09-30,It Follows,2014,https://boxd.it/87wo,1
2022-09-30,Captain America: Civil War,2016,https://boxd.it/89Ja,1.5
2022-09-30,Moana,2016,https://boxd.it/8tfY,3.5
2022-09-30,Little Women,2019,https://boxd.it/aSVk,2.5
2022-09-30,Sing,2016,https://boxd.it/b5EQ,1
2022-09-30,The Princess Diaries 2: Royal Engagement,2004,https://boxd.it/1UyY,3
2022-09-30,Miss Congeniality 2: Armed and Fabulous,2005,https://boxd.it/1XeC,2.5
2022-09-30,Robots,2005,https://boxd.it/1Xve,3.5
2022-09-30,Happy Feet,2006,https://boxd.it/1XH0,1
2022-09-30,Napoleon Dynamite,2004,https://boxd.it/20wu,0.5
2022-09-30,The Hitchhiker's Guide to the Galaxy,2005,https://boxd.it/20VE,4
2022-09-30,Iron Man,2008,https://boxd.it/28dA,2
2022-09-30,Mr. & Mrs. Smith,2005,https://boxd.it/29CG,4.5
2022-09-30,Shaun of the Dead,2004,https://boxd.it/29J8,4
2022-09-30,Incredibles 2,2018,https://boxd.it/7IPg,4
2022-09-30,The Martian,2015,https://boxd.it/8SeG,3.5
2022-09-30,Power Rangers,2017,https://boxd.it/9KKc,2
2022-09-30,The Kissing Booth,2018,https://boxd.it/geR0,0.5
2022-09-30,To All the Boys I've Loved Before,2018,https://boxd.it/gHec,3
2022-09-30,Tangled,2010,https://boxd.it/15gO,4
2022-09-30,Where the Wild Things Are,2009,https://boxd.it/1K0C,1
2022-09-30,Sweeney Todd: The Demon Barber of Fleet Street,2007,https://boxd.it/1PcS,3.5
2022-09-30,Wedding Crashers,2005,https://boxd.it/1Yte,1
2022-09-30,Guardians of the Galaxy Vol. 2,2017,https://boxd.it/8MxC,2
2022-09-30,Avengers: Endgame,2019,https://boxd.it/9vE4,3
2022-09-30,Avengers: Infinity War,2018,https://boxd.it/9vEe,2
2022-09-30,The Lego Batman Movie,2017,https://boxd.it/azp0,3.5
2022-09-30,Blades of Glory,2007,https://boxd.it/1Xrm,1
2022-09-30,The Descent,2005,https://boxd.it/1YNy,3
2022-09-30,The Curious Case of Benjamin Button,2008,https://boxd.it/23Fk,2.5
2022-09-30,Marie Antoinette,2006,https://boxd.it/27Wa,1
2022-09-30,Borat: Cultural Learnings of America for Make Benefit Glorious Nation of Kazakhstan,2006,https://boxd.it/2agQ,1
2022-09-30,Shazam!,2019,https://boxd.it/8WBu,2
2022-09-30,The Witch,2015,https://boxd.it/9X0m,2
2022-09-30,The Founder,2016,https://boxd.it/9XwM,1
2022-09-30,Frozen II,2019,https://boxd.it/aPvo,3
2022-09-30,Why Him?,2016,https://boxd.it/c3Wq,2
2022-09-30,Puss in Boots,2011,https://boxd.it/eL34,2.5
2022-09-30,Ghostbusters: Afterlife,2021,https://boxd.it/f4Pw,2
2022-09-30,Extremely Loud & Incredibly Close,2011,https://boxd.it/Ju,0.5
2022-09-30,Lemony Snicket's A Series of Unfortunate Events,2004,https://boxd.it/1T7s,3.5
2022-09-30,John Tucker Must Die,2006,https://boxd.it/1Z2S,2
2022-09-30,Juno,2007,https://boxd.it/210a,5
2022-09-30,I Am Legend,2007,https://boxd.it/21DG,2.5
2022-09-30,Ant-Man,2015,https://boxd.it/3vmW,4
2022-09-30,Spider-Man: Into the Spider-Verse,2018,https://boxd.it/azpY,5
2022-09-30,Lights Out,2016,https://boxd.it/bAHc,3
2022-09-30,The Meg,2018,https://boxd.it/bAL4,1
2022-09-30,Almost Adults,2016,https://boxd.it/c6mK,1
2022-09-30,Satanic,2016,https://boxd.it/e2fY,0.5
2022-09-30,The Death of Stalin,2017,https://boxd.it/ea9Y,3.5
2022-09-30,Klaus,2019,https://boxd.it/ipoi,3
2022-09-30,In the Tall Grass,2019,https://boxd.it/iZpm,1
2022-09-30,The Disenchantment,1976,https://boxd.it/24eO,2.5
2022-09-30,Jurassic World: Fallen Kingdom,2018,https://boxd.it/bOnU,1
2022-09-30,The Favourite,2018,https://boxd.it/d2hI,3.5
2022-09-30,Moonlight,2016,https://boxd.it/d6bE,3
2022-09-30,Set It Up,2018,https://boxd.it/dpik,2.5
2022-09-30,Isle of Dogs,2018,https://boxd.it/dZrW,3
2022-09-30,Get Out,2017,https://boxd.it/eOCm,4
2022-09-30,Charlie's Angels,2019,https://boxd.it/gogo,1.5
2022-09-30,The Willoughbys,2020,https://boxd.it/kv2G,2
2022-09-30,Train to Busan,2016,https://boxd.it/dSQU,4
2022-09-30,Thoroughbreds,2017,https://boxd.it/dVHQ,3.5
2022-09-30,The Ritual,2017,https://boxd.it/fo0I,2.5
2022-09-30,Slaughterhouse Rulez,2018,https://boxd.it/gmfy,1.5
2022-09-30,Mamma Mia! Here We Go Again,2018,https://boxd.it/gnfO,1.5
2022-09-30,Us,2019,https://boxd.it/gnV6,3.5
2022-09-30,Destination Wedding,2018,https://boxd.it/hE1Q,3.5
2022-09-30,I Am Mother,2019,https://boxd.it/ihNE,3
2022-09-30,Everything Everywhere All at Once,2022,https://boxd.it/jUk4,5
2022-09-30,The Haunting of Hill House,2018,https://boxd.it/kfJ0,5
2022-09-30,Tenet,2020,https://boxd.it/leq4,4
2022-09-30,Instant Family,2018,https://boxd.it/hHpQ,0.5
2022-09-30,Onward,2020,https://boxd.it/io92,3
2022-09-30,Next Gen,2018,https://boxd.it/j1jg,2
2022-09-30,Father of the Year,2018,https://boxd.it/jm5O,0.5
2022-09-30,Over the Moon,2020,https://boxd.it/kv2Q,3.5
2022-09-30,Venom: Let There Be Carnage,2021,https://boxd.it/llco,2
2022-09-30,Luck,2022,https://boxd.it/lxxe,0.5
2022-09-30,Chernobyl,2019,https://boxd.it/mkbG,4.5
2022-09-30,Suspiria,1977,https://boxd.it/1SNW,3
2022-09-30,Mamma Mia!,2008,https://boxd.it/1Tnq,3.5
2022-09-30,Forgetting Sarah Marshall,2008,https://boxd.it/1XEq,1
2022-09-30,In Bruges,2008,https://boxd.it/20n8,3.5
2022-09-30,Life of Brian,1979,https://boxd.it/2a4q,3.5
2022-09-30,Birds of Prey (and the Fantabulous Emancipation of One Harley Quinn),2020,https://boxd.it/hSyO,3.5
2022-09-30,Enola Holmes,2020,https://boxd.it/hX2o,1
2022-09-30,The Mitchells vs. The Machines,2021,https://boxd.it/i7xm,3.5
2022-09-30,The King,2019,https://boxd.it/ieZs,3
2022-09-30,Red Notice,2021,https://boxd.it/ixtq,1
2022-09-30,Bao,2018,https://boxd.it/iEl4,1
2022-09-30,She's Out of My League,2010,https://boxd.it/1eww,0.5
2022-09-30,The Girl Who Leapt Through Time,2006,https://boxd.it/1OPa,3
2022-09-30,Fast Times at Ridgemont High,1982,https://boxd.it/1QnM,0.5
2022-09-30,The Bucket List,2007,https://boxd.it/20Ye,1
2022-09-30,The Shining,1980,https://boxd.it/29Nu,1.5
2022-09-30,E.T. the Extra-Terrestrial,1982,https://boxd.it/2a1G,1.5
2022-09-30,Blade Runner,1982,https://boxd.it/2bcA,1.5
2022-09-30,Hotel Transylvania,2012,https://boxd.it/2DF6,3.5
2022-09-30,Interstellar,2014,https://boxd.it/4VZ8,3
2022-09-30,Dolemite Is My Name,2019,https://boxd.it/je6E,1
2022-09-30,Ghostbusters,1984,https://boxd.it/g2w,3.5
2022-09-30,The Blind Side,2009,https://boxd.it/1zWg,1.5
2022-09-30,Sixteen Candles,1984,https://boxd.it/1MJk,1
2022-09-30,Sunshine Cleaning,2008,https://boxd.it/1QRs,3
2022-09-30,How to Train Your Dragon,2010,https://boxd.it/1WRy,4.5
2022-09-30,Back to the Future,1985,https://boxd.it/2b8e,3
2022-09-30,Midsommar,2019,https://boxd.it/jhxe,4.5
2022-09-30,The French Dispatch,2021,https://boxd.it/jLP8,3
2022-09-30,The Farewell,2019,https://boxd.it/kIky,4
2022-09-30,Salt,2010,https://boxd.it/1rtK,0.5
2022-09-30,Maurice,1987,https://boxd.it/1tZy,3.5
2022-09-30,Pretty in Pink,1986,https://boxd.it/1TEw,1
2022-09-30,Ferris Bueller's Day Off,1986,https://boxd.it/1YPY,3.5
2022-09-30,Tropic Thunder,2008,https://boxd.it/20WM,0.5
2022-09-30,Doctor Strange in the Multiverse of Madness,2022,https://boxd.it/gaTc,0.5
2022-09-30,The Sea Beast,2022,https://boxd.it/kv3a,2.5
2022-09-30,WandaVision,2021,https://boxd.it/sbGW,4.5
2022-09-30,Loki,2021,https://boxd.it/sbHg,3.5
2022-09-30,Hanna,2011,https://boxd.it/DBE,1
2022-09-30,Sucker Punch,2011,https://boxd.it/1yYg,1.5
2022-09-30,17 Again,2009,https://boxd.it/1Jnq,3
2022-09-30,Coming to America,1988,https://boxd.it/1Ygu,2.5
2022-09-30,Heathers,1988,https://boxd.it/26x4,2
2022-09-30,Do the Right Thing,1989,https://boxd.it/29gA,1.5
2022-09-30,Dead Poets Society,1989,https://boxd.it/2aSg,3.5
2022-09-30,Edward Scissorhands,1990,https://boxd.it/2aZc,3
2022-09-30,Coffee & Kareem,2020,https://boxd.it/mKF8,1.5
2022-10-01,Something's Gotta Give,2003,https://boxd.it/21gC,0.5
2022-10-01,What We Do in the Shadows,2014,https://boxd.it/7eQy,4
2022-10-01,A Little Princess,1995,https://boxd.it/1FHm,0.5
2022-10-06,Would You Rather,2012,https://boxd.it/3m0W,2.5
2022-10-06,Rushmore,1998,https://boxd.it/1TAO,2
2022-10-06,John Mulaney & The Sack Lunch Bunch,2019,https://boxd.it/o9Fu,2.5
2022-10-06,Ant-Man and the Wasp,2018,https://boxd.it/cqUW,3
2022-10-06,The Darkest Minds,2018,https://boxd.it/fRBo,0.5
2022-10-06,"Game Over, Man!",2018,https://boxd.it/gjaK,3
2022-10-06,Lady Bird,2017,https://boxd.it/dGNE,3
2022-10-06,Free Fire,2016,https://boxd.it/b2Ig,3
2022-10-06,He's All That,2021,https://boxd.it/bFbA,0.5
2022-10-06,St. Trinian's,2007,https://boxd.it/1VuI,3.5
2022-10-06,Palm Springs,2020,https://boxd.it/lCXQ,4.5
2022-10-06,Bo Burnham: Inside,2021,https://boxd.it/v2uy,4.5
2022-10-06,The Suicide Squad,2021,https://boxd.it/fw6O,5
2022-10-06,Peninsula,2020,https://boxd.it/lnrU,4
2022-10-06,Thor: Ragnarok,2017,https://boxd.it/8MHi,4.5
2022-10-06,Steven Universe: The Movie,2019,https://boxd.it/jyE2,4.5
2022-10-06,Trading Places,1983,https://boxd.it/28sK,3
2022-10-06,The Danish Girl,2015,https://boxd.it/9Ohy,3
2022-10-06,John Mulaney: Kid Gorgeous at Radio City,2018,https://boxd.it/iTts,3
2022-10-06,Monty Python and the Holy Grail,1975,https://boxd.it/29GI,2.5
2022-10-06,John Mulaney: The Comeback Kid,2015,https://boxd.it/cK4w,3
2022-10-06,Captain Marvel,2019,https://boxd.it/9vSA,3.5
2022-10-06,Baby Driver,2017,https://boxd.it/bhF2,3
2022-10-06,Kill Bill: Vol. 1,2003,https://boxd.it/70w,3
2022-10-06,John Mulaney: New in Town,2012,https://boxd.it/359M,3
2022-10-06,Cloudy with a Chance of Meatballs,2009,https://boxd.it/1A40,2.5
2022-10-06,Spider-Man: Far from Home,2019,https://boxd.it/fegG,1.5
2022-10-06,Your Highness,2011,https://boxd.it/16g6,0.5
2022-10-06,The Love Witch,2016,https://boxd.it/cZie,2
2022-10-06,Moxie,2021,https://boxd.it/lsQK,1.5
2022-10-06,WALL·E,2008,https://boxd.it/1VEo,2.5
2022-10-06,The Little Hours,2017,https://boxd.it/ewec,1.5
2022-10-06,Candy Jar,2018,https://boxd.it/ikRa,1.5
2022-10-06,G.B.F.,2013,https://boxd.it/5mgE,0.5
2022-10-06,The Mummy,1999,https://boxd.it/2a7a,1.5
2022-10-06,Pretty Woman,1990,https://boxd.it/2b6M,1
2022-10-06,Bill & Ted's Excellent Adventure,1989,https://boxd.it/28oI,3
2022-10-06,Eternals,2021,https://boxd.it/j36o,2
2022-10-06,Eighth Grade,2018,https://boxd.it/hDMG,2
2022-10-06,Code 8,2019,https://boxd.it/gu9o,1
2022-10-06,Wonder Woman,2017,https://boxd.it/9roG,2
2022-10-06,Tag,2018,https://boxd.it/gh7Y,2
2022-10-06,Mean Girls,2004,https://boxd.it/1VNg,3
2022-10-06,Les Misérables,2012,https://boxd.it/2TT4,2
2022-10-06,Suicide Squad,2016,https://boxd.it/9row,1
2022-10-06,The Silence of the Lambs,1991,https://boxd.it/2aHW,1.5
2022-10-06,A Fish Called Wanda,1988,https://boxd.it/29YC,3.5
2022-10-06,The Witches of Eastwick,1987,https://boxd.it/2272,2.5
2022-10-06,Ralph Breaks the Internet,2018,https://boxd.it/edAy,2.5
2022-10-06,She's the Man,2006,https://boxd.it/1Y7W,2
2022-10-06,Bee Movie,2007,https://boxd.it/22Vw,2.5
2022-10-06,The King's Speech,2010,https://boxd.it/dX0,2.5
2022-10-06,28 Days,2000,https://boxd.it/1WbM,2.5
2022-10-06,Mute,2018,https://boxd.it/e6nW,2.5
2022-10-06,Monte Carlo,2011,https://boxd.it/hqk,2.5
2022-10-06,Chicago,2002,https://boxd.it/28zm,3
2022-10-06,My Neighbor Totoro,1988,https://boxd.it/20eA,3
2022-10-06,The Breakfast Club,1985,https://boxd.it/27q4,2.5
2022-10-06,The Gentlemen,2019,https://boxd.it/iYBQ,3.5
2022-10-06,Clue,1985,https://boxd.it/1MDQ,3
2022-10-06,The Art of Getting By,2011,https://boxd.it/KC,2.5
2022-10-06,Paddington 2,2017,https://boxd.it/bCF8,3.5
2022-10-06,Death Note,2017,https://boxd.it/bOS4,0.5
2022-10-06,Home,2015,https://boxd.it/6JxA,2
2022-10-06,The Little Prince,2015,https://boxd.it/9WbS,3
2022-10-06,Assassin's Creed,2016,https://boxd.it/41IK,1
2022-10-06,"Crouching Tiger, Hidden Dragon",2000,https://boxd.it/2b1M,3
2022-10-06,King Kong,2005,https://boxd.it/2aLa,1.5
2022-10-06,Catwoman,2004,https://boxd.it/2aBY,3
2022-10-06,The Princess Bride,1987,https://boxd.it/26EY,2
2022-10-06,Domino,2005,https://boxd.it/1Xw2,1
2022-10-06,Bewitched,2005,https://boxd.it/1XXW,1
2022-10-06,My Sister's Keeper,2009,https://boxd.it/1Xh2,0.5
2022-10-06,Baby Mama,2008,https://boxd.it/1ZQe,0.5
2022-10-06,What a Girl Wants,2003,https://boxd.it/1Vwa,1.5
2022-10-06,Lemonade Mouth,2011,https://boxd.it/4bG,2
2022-10-06,Mulan II,2004,https://boxd.it/1ScG,1.5
2022-10-06,Beverly Hills Chihuahua,2008,https://boxd.it/1Ob0,1.5
2022-10-06,Gothika,2003,https://boxd.it/23y4,1.5
2022-10-07,Black Mirror: The National Anthem,2011,https://boxd.it/hQYK,1
2022-10-07,Black Mirror: Fifteen Million Merits,2011,https://boxd.it/hQYU,2
2022-10-07,Black Mirror: The Entire History of You,2011,https://boxd.it/hQZ4,2
2022-10-07,Black Mirror: Be Right Back,2013,https://boxd.it/hRpw,3.5
2022-10-07,Black Mirror: White Bear,2013,https://boxd.it/hRpG,3
2022-10-07,Black Mirror: The Waldo Moment,2013,https://boxd.it/hRpQ,1
2022-10-07,Black Mirror: White Christmas,2014,https://boxd.it/B3qu,3.5
2022-10-07,Black Mirror: Nosedive,2016,https://boxd.it/hK9G,3
2022-10-07,Black Mirror: Playtest,2016,https://boxd.it/hRR6,4.5
2022-10-07,Black Mirror: Shut Up and Dance,2016,https://boxd.it/hRRq,3.5
2022-10-07,Black Mirror: San Junipero,2016,https://boxd.it/k4aS,3
2022-10-07,Black Mirror: Hated in the Nation,2016,https://boxd.it/hSBI,4
2022-10-07,Black Mirror: USS Callister,2017,https://boxd.it/hQXi,4.5
2022-10-07,Black Mirror: Hang the DJ,2017,https://boxd.it/hQYA,3.5
2022-10-07,Black Mirror: Metalhead,2017,https://boxd.it/hRqk,1
2022-10-07,Black Mirror: Black Museum,2017,https://boxd.it/hRqu,3.5
2022-10-07,Black Mirror: Bandersnatch,2018,https://boxd.it/kTDG,3
2022-10-07,Black Mirror: Striking Vipers,2019,https://boxd.it/mlse,2.5
2022-10-07,Black Mirror: Smithereens,2019,https://boxd.it/mltc,3
2022-10-07,"Black Mirror: Rachel, Jack and Ashley Too",2019,https://boxd.it/mltQ,2
2022-10-07,Double King,2017,https://boxd.it/g2Sq,2.5
2022-10-07,Fog,2007,https://boxd.it/lEJG,1
2022-10-07,Panty & Stocking with Garterbelt,2010,https://boxd.it/pIhu,4.5
2022-10-07,The Final Girls,2015,https://boxd.it/9gv2,1
2022-10-09,In a Heartbeat,2017,https://boxd.it/ggzW,4.5
2022-10-10,I Care a Lot,2020,https://boxd.it/mcHk,3
2022-10-11,What If,2013,https://boxd.it/6ljk,1.5
2022-10-11,Black Mirror: Arkangel,2017,https://boxd.it/hQXW,1.5
2022-10-11,Repo Man,1984,https://boxd.it/1Plg,1.5
2022-10-11,Cube,1997,https://boxd.it/2aoU,1.5
2022-10-11,Get Smart,2008,https://boxd.it/1Tig,1
2022-10-11,Adventure Time: Stakes,2015,https://boxd.it/wNju,4
2022-10-11,Adventure Time: Islands,2017,https://boxd.it/fwkc,3.5
2022-10-11,Ratatouille,2007,https://boxd.it/27ww,3
2022-10-11,Jurassic Park,1993,https://boxd.it/2aA2,3
2022-10-11,Harry Potter and the Prisoner of Azkaban,2004,https://boxd.it/29Qy,2.5
2022-10-11,Adventure Time: Elements,2017,https://boxd.it/g98Y,3
2022-10-11,When Harry Met Sally...,1989,https://boxd.it/29W2,1.5
2022-10-11,Too Many Cooks,2014,https://boxd.it/9AIK,3
2022-10-11,Harry Potter and the Deathly Hallows: Part 2,2011,https://boxd.it/1RYk,2
2022-10-11,Who Framed Roger Rabbit,1988,https://boxd.it/29ry,3.5
2022-10-11,Back to the Future Part II,1989,https://boxd.it/2aYI,2.5
2022-10-11,Harry Potter and the Goblet of Fire,2005,https://boxd.it/29Qo,3
2022-10-11,Harry Potter and the Philosopher's Stone,2001,https://boxd.it/29QS,2
2022-10-11,The Devil Wears Prada,2006,https://boxd.it/2awE,3
2022-10-11,Vampire Gastelbrau,2011,https://boxd.it/m2CE,3
2022-10-11,Mermaids,1990,https://boxd.it/244u,1.5
2022-10-11,Big Eyes,2014,https://boxd.it/36ms,2
2022-10-11,The Neon Demon,2016,https://boxd.it/9AnW,1
2022-10-11,Zoolander,2001,https://boxd.it/1YMA,2
2022-10-11,Captain America: The Winter Soldier,2014,https://boxd.it/3r58,2
2022-10-11,Eurovision Song Contest: The Story of Fire Saga,2020,https://boxd.it/jkMG,1.5
2022-10-11,John Wick: Chapter 2,2017,https://boxd.it/ayGu,3.5
2022-10-11,X-Men: Apocalypse,2016,https://boxd.it/7eJi,2.5
2022-10-11,Finding Dory,2016,https://boxd.it/4aAA,3
2022-10-11,X-Men: Days of Future Past,2014,https://boxd.it/4aRw,3
2022-10-11,The Big Year,2011,https://boxd.it/2wWE,3
2022-10-11,Idiocracy,2006,https://boxd.it/20RW,2.5
2022-10-11,Flushed Away,2006,https://boxd.it/1Tpm,3
2022-10-11,Down with Love,2003,https://boxd.it/1VyA,3
2022-10-11,Holes,2003,https://boxd.it/20mE,2
2022-10-11,Daddy Day Care,2003,https://boxd.it/1VAw,3.5
2022-10-11,Charlie's Angels: Full Throttle,2003,https://boxd.it/1YB8,4
2022-10-11,Coneheads,1993,https://boxd.it/1YeS,2
2022-10-11,The Brady Bunch Movie,1995,https://boxd.it/1ZfC,1.5
2022-10-11,Dirty Rotten Scoundrels,1988,https://boxd.it/1WZi,1.5
2022-10-11,Highlander,1986,https://boxd.it/20GE,2.5
2022-10-11,Jawbreaker,1999,https://boxd.it/1G7a,2.5
2022-10-11,John Wick,2014,https://boxd.it/7dEc,4
2022-10-11,Tomorrowland,2015,https://boxd.it/4YaC,0.5
2022-10-12,This Is Where I Leave You,2014,https://boxd.it/73kQ,3
2022-10-12,Just My Luck,2006,https://boxd.it/1XgS,1
2022-10-12,This Means War,2012,https://boxd.it/hba,3.5
2022-10-12,Lilith & Eve,2022,https://boxd.it/Aw3C,2.5
2022-10-12,Rejected,2000,https://boxd.it/1gZU,1
2022-10-12,Burrow,2020,https://boxd.it/s2KU,3.5
2022-10-12,Greener Grass,2019,https://boxd.it/jYoY,1
2022-10-12,Monster House,2006,https://boxd.it/1Z2e,1.5
2022-10-12,Blockers,2018,https://boxd.it/fxEW,3
2022-10-12,Zathura: A Space Adventure,2005,https://boxd.it/21mq,2
2022-10-12,"Love, Death & Robots: Three Robots",2019,https://boxd.it/lECK,4
2022-10-12,"Love, Death & Robots: Sonnie's Edge",2019,https://boxd.it/lECg,3
2022-10-12,"Love, Death & Robots: Good Hunting",2019,https://boxd.it/lJFO,5
2022-10-12,"Love, Death & Robots: Lucky 13",2019,https://boxd.it/lJGC,3.5
2022-10-12,"Love, Death & Robots: Life Hutch",2021,https://boxd.it/vdRe,3.5
2022-10-12,Shiva Baby,2020,https://boxd.it/oIv0,4.5
2022-10-12,The Nightmare Before Christmas,1993,https://boxd.it/1YzQ,3.5
2022-10-12,She's All That,1999,https://boxd.it/1Wz0,2.5
2022-10-13,What We Did on Our Holiday,2014,https://boxd.it/8qLs,3
2022-10-13,Charlie St. Cloud,2010,https://boxd.it/177E,1
2022-10-13,James Acaster: Cold Lasagne Hate Myself 1999,2020,https://boxd.it/sG3G,3
2022-10-14,Overlord,2018,https://boxd.it/fAwm,1
2022-10-14,Nocturnal Animals,2016,https://boxd.it/bkFu,0.5
2022-10-14,Son of the Mask,2005,https://boxd.it/1WNQ,0.5
2022-10-14,Harold & Kumar Go to White Castle,2004,https://boxd.it/1Ueu,3
2022-10-14,Bud Abbott and Lou Costello Meet Frankenstein,1948,https://boxd.it/25O4,1.5
2022-10-15,Galaxy Quest,1999,https://boxd.it/29gq,2.5
2022-10-16,Stardust,2007,https://boxd.it/272w,4
2022-10-17,The Watermelon Woman,1996,https://boxd.it/RRc,3
2022-10-17,Sing Street,2016,https://boxd.it/cOo6,3
2022-10-17,I Don't Know How She Does It,2011,https://boxd.it/2srs,1
2022-10-17,Meet the Fockers,2004,https://boxd.it/29NE,0.5
2022-10-17,Letters to Juliet,2010,https://boxd.it/19aK,1.5
2022-10-17,The Decoy Bride,2011,https://boxd.it/12kS,3.5
2022-10-17,Pocahontas,1995,https://boxd.it/1W2g,3
2022-10-17,The Invention of Lying,2009,https://boxd.it/1zGs,2.5
2022-10-17,Imagine Me & You,2005,https://boxd.it/28E2,1.5
2022-10-17,Burn After Reading,2008,https://boxd.it/23BW,1.5
2022-10-17,Kate & Leopold,2001,https://boxd.it/1Uj0,1.5
2022-10-17,Safety Not Guaranteed,2012,https://boxd.it/2Y3M,1.5
2022-10-19,Deadpool 2,2018,https://boxd.it/dlLM,4
2022-10-19,Deadpool,2016,https://boxd.it/9fOC,3
2022-10-19,Zootopia,2016,https://boxd.it/84xS,3
2022-10-19,La La Land,2016,https://boxd.it/a5fa,3
2022-10-21,Escape Room,2019,https://boxd.it/iYlS,2.5
2022-10-23,Porco Rosso,1992,https://boxd.it/1Tp2,1
2022-10-23,What Happened to Monday,2017,https://boxd.it/ejUu,1.5
2022-10-23,Die Hard,1988,https://boxd.it/2a7u,2.5
2022-10-23,Bram Stoker's Dracula,1992,https://boxd.it/223a,2.5
2022-10-23,Call Me by Your Name,2017,https://boxd.it/dYmm,3.5
2022-10-23,Tau,2018,https://boxd.it/eujO,1.5
2022-10-23,Drag Me to Hell,2009,https://boxd.it/1Jzw,2
2022-10-24,Frozen,2013,https://boxd.it/3GNa,3.5
2022-10-24,The Maze Runner,2014,https://boxd.it/5YPM,3
2022-10-24,Into the Woods,2014,https://boxd.it/6DtW,2.5
2022-10-24,Await Further Instructions,2018,https://boxd.it/ifti,1.5
2022-10-24,Downsizing,2017,https://boxd.it/9Ajq,2.5
2022-10-25,Fargo,1996,https://boxd.it/2aHM,5
2022-10-25,Election,1999,https://boxd.it/1YEc,4
2022-10-26,Pokémon Detective Pikachu,2019,https://boxd.it/fVA0,2.5
2022-10-26,Okja,2017,https://boxd.it/dvXe,3
2022-10-26,Tarzan,1999,https://boxd.it/18YO,3
2022-10-26,Sorry to Bother You,2018,https://boxd.it/f21E,3.5
2022-10-26,The Cabin in the Woods,2011,https://boxd.it/1zOc,3
2022-10-26,Inglourious Basterds,2009,https://boxd.it/1JzG,3
2022-10-26,Kingsman: The Golden Circle,2017,https://boxd.it/buJm,3
2022-10-26,Carrie,1976,https://boxd.it/20ZQ,3
2022-10-26,Land of the Lost,2009,https://boxd.it/1Htc,0.5
2022-10-26,"Love, Death & Robots: Helping Hand",2019,https://boxd.it/lJGW,3.5
2022-10-27,Lake Mungo,2008,https://boxd.it/1rWM,2.5
2022-10-29,Underworld: Evolution,2006,https://boxd.it/29v6,3
2022-10-29,High Life,2018,https://boxd.it/d6bk,2.5
2022-10-29,The Queen's Gambit,2020,https://boxd.it/s1Ym,3
2022-10-29,Fallen,2016,https://boxd.it/8KPO,0.5
2022-10-29,Bullet Train,2022,https://boxd.it/qW26,2
2022-10-30,Ultraviolet,2006,https://boxd.it/1Xww,0.5
2022-10-30,Event Horizon,1997,https://boxd.it/20d8,2.5
2022-10-31,An American Werewolf in London,1981,https://boxd.it/29yk,5
2022-10-31,Hellraiser,1987,https://boxd.it/1Zpi,0.5
2022-10-31,School of Rock,2003,https://boxd.it/28xK,3
2022-11-02,"Juliet, Naked",2018,https://boxd.it/gnaE,4
2022-11-02,Yuri!!! on Ice,2016,https://boxd.it/qdBq,4
2022-11-04,Notting Hill,1999,https://boxd.it/2aeK,1.5
2022-11-04,Willy Wonka & the Chocolate Factory,1971,https://boxd.it/2aLu,2.5
2022-11-04,Bratz,2007,https://boxd.it/1OIS,0.5
2022-11-04,Calendar Girls,2003,https://boxd.it/1ZVS,3
2022-11-04,The Age of Adaline,2015,https://boxd.it/9ghu,4
2022-11-04,Mona Lisa Smile,2003,https://boxd.it/1T0Q,3
2022-11-04,Maid in Manhattan,2002,https://boxd.it/210O,2.5
2022-11-04,The Host,2013,https://boxd.it/2nIy,1
2022-11-04,Confessions of a Shopaholic,2009,https://boxd.it/1E9e,3
2022-11-04,Alien,1979,https://boxd.it/2awY,5
2022-11-04,The Brothers Grimm,2005,https://boxd.it/24kW,0.5
2022-11-04,Red Riding Hood,2011,https://boxd.it/Fle,1.5
2022-11-05,Meet Joe Black,1998,https://boxd.it/2aEI,1.5
2022-11-05,A Simple Favor,2018,https://boxd.it/hq92,4
2022-11-05,Jumanji: Welcome to the Jungle,2017,https://boxd.it/bUeE,3
2022-11-05,Blended,2014,https://boxd.it/6QQY,1.5
2022-11-05,Sausage Party,2016,https://boxd.it/6CCe,1
2022-11-05,Inception,2010,https://boxd.it/1skk,2
2022-11-05,Finding Nemo,2003,https://boxd.it/72i,1
2022-11-05,Passengers,2016,https://boxd.it/8lFu,0.5
2022-11-05,Just Go with It,2011,https://boxd.it/Doq,2
2022-11-05,Warm Bodies,2013,https://boxd.it/2TFm,2.5
2022-11-05,Bedtime Stories,2008,https://boxd.it/1WPM,1.5
2022-11-05,Annie,2014,https://boxd.it/5W4u,1.5
2022-11-05,Once Upon a Time… in Hollywood,2019,https://boxd.it/gH0O,1
2022-11-05,Ocean's Eight,2018,https://boxd.it/eaai,2.5
2022-11-05,The Lobster,2015,https://boxd.it/7tnw,2
2022-11-05,The Babysitter,2017,https://boxd.it/eP1w,2.5
2022-11-05,Frankenweenie,2012,https://boxd.it/bPS,2
2022-11-05,A Million Ways to Die in the West,2014,https://boxd.it/5H9k,2
2022-11-05,Hereditary,2018,https://boxd.it/hNVe,2.5
2022-11-05,The Hunger Games,2012,https://boxd.it/2uds,3
2022-11-05,Home Alone,1990,https://boxd.it/29Fg,2
2022-11-05,Harry Potter and the Order of the Phoenix,2007,https://boxd.it/29Qe,3.5
2022-11-05,Harry Potter and the Deathly Hallows: Part 1,2010,https://boxd.it/1RYu,3
2022-11-05,Harry Potter and the Half-Blood Prince,2009,https://boxd.it/29FU,2.5
2022-11-05,The Hunger Games: Catching Fire,2013,https://boxd.it/3sAw,3.5
2022-11-05,Jurassic World,2015,https://boxd.it/4n0g,2
2022-11-05,Kung Fu Panda,2008,https://boxd.it/1Yws,3
2022-11-05,The Emperor's New Groove,2000,https://boxd.it/1Tey,3
2022-11-05,Paddington,2014,https://boxd.it/3RKw,4
2022-11-05,Lilo & Stitch,2002,https://boxd.it/1TAY,5
2022-11-05,The Polar Express,2004,https://boxd.it/23am,1.5
2022-11-05,Scream 2,1997,https://boxd.it/24Es,2.5
2022-11-05,The Adventures of Tintin,2011,https://boxd.it/1Irc,4
2022-11-05,Bolt,2008,https://boxd.it/1QXg,3
2022-11-05,Grown Ups,2010,https://boxd.it/169a,1.5
2022-11-05,Marley & Me,2008,https://boxd.it/1Ola,2
2022-11-05,James and the Giant Peach,1996,https://boxd.it/1W0O,2.5
2022-11-05,Grown Ups 2,2013,https://boxd.it/3GAq,0.5
2022-11-05,Flipped,2010,https://boxd.it/Tb8,2
2022-11-05,Gremlins 2: The New Batch,1990,https://boxd.it/29g6,3.5
2022-11-05,The Adventures of Sharkboy and Lavagirl,2005,https://boxd.it/1Ozm,3
2022-11-05,The Internship,2013,https://boxd.it/3SWS,1.5
2022-11-05,The Green Hornet,2011,https://boxd.it/10TQ,0.5
2022-11-05,The Pacifier,2005,https://boxd.it/1Xhm,2.5
2022-11-05,Nanny McPhee,2005,https://boxd.it/1Uek,3
2022-11-05,Mr. Popper's Penguins,2011,https://boxd.it/kRS,2
2022-11-05,What's Your Number?,2011,https://boxd.it/6P4,3
2022-11-05,R.I.P.D.,2013,https://boxd.it/FQQ,3
2022-11-05,The Game Plan,2007,https://boxd.it/1PDY,2.5
2022-11-05,The Santa Clause 2,2002,https://boxd.it/1ZmI,1.5
2022-11-05,Arthur Christmas,2011,https://boxd.it/Cg6,3
2022-11-05,Gulliver's Travels,2010,https://boxd.it/15iK,2.5
2022-11-05,The Change-Up,2011,https://boxd.it/FRu,1.5
2022-11-05,Tooth Fairy,2010,https://boxd.it/1zKE,2.5
2022-11-05,¡Three Amigos!,1986,https://boxd.it/20f4,3
2022-11-05,"Love, Death & Robots: Zima Blue",2019,https://boxd.it/lJGM,1.5
2022-11-05,Chitty Chitty Bang Bang,1968,https://boxd.it/1Tbu,1.5
2022-11-05,Tinker Bell,2008,https://boxd.it/1QEy,3
2022-11-05,Arthur and the Invisibles,2006,https://boxd.it/1Xm2,1.5
2022-11-05,The Nanny Diaries,2007,https://boxd.it/1RZM,2.5
2022-11-05,What to Expect When You're Expecting,2012,https://boxd.it/2DEM,3
2022-11-05,"Love, Death & Robots: When the Yogurt Took Over",2019,https://boxd.it/lFSY,1
2022-11-05,Planet 51,2009,https://boxd.it/1JA0,2.5
2022-11-05,Blast from the Past,1999,https://boxd.it/1ToS,2
2022-11-06,Cam,2018,https://boxd.it/iWvG,2.5
2022-11-08,Despicable Me 2,2013,https://boxd.it/3gg0,1.5
2022-11-08,The Wolf of Snow Hollow,2020,https://boxd.it/oeu2,2.5
2022-11-08,Over the Garden Wall,2014,https://boxd.it/eqFw,4
2022-11-08,Booksmart,2019,https://boxd.it/igNS,4.5
2022-11-08,The Thing,1982,https://boxd.it/294O,5
2022-11-08,Hard Candy,2005,https://boxd.it/26vs,4.5
2022-11-08,Good Omens,2019,https://boxd.it/jUOI,5
2022-11-08,BlacKkKlansman,2018,https://boxd.it/hxL8,4
2022-11-08,1917,2019,https://boxd.it/jj4y,4
2022-11-08,Scott Pilgrim vs. the World,2010,https://boxd.it/1Aq6,4.5
2022-11-08,Gone Girl,2014,https://boxd.it/6hQu,4
2022-11-08,Ponyo,2008,https://boxd.it/1S0A,4
2022-11-08,Werewolves Within,2021,https://boxd.it/u8fC,4
2022-11-08,Jumanji: The Next Level,2019,https://boxd.it/ixu4,3
2022-11-08,Reservoir Dogs,1992,https://boxd.it/2agc,2
2022-11-08,Gremlins,1984,https://boxd.it/29gg,4
2022-11-08,Chronicle,2012,https://boxd.it/2Emk,3
2022-11-08,Sky High,2005,https://boxd.it/1TNI,4
2022-11-08,A Goofy Movie,1995,https://boxd.it/1Lwu,4
2022-11-08,Kubo and the Two Strings,2016,https://boxd.it/a4wE,3
2022-11-08,Labyrinth,1986,https://boxd.it/1POC,2
2022-11-10,Lot 36,2022,https://boxd.it/Dk7I,3
2022-11-10,Guns Akimbo,2019,https://boxd.it/gkFu,1.5
2022-11-12,George of the Jungle,1997,https://boxd.it/1VQO,2
2022-11-12,"Good Morning, Vietnam",1987,https://boxd.it/29Aq,1.5
2022-11-12,The Girl with All the Gifts,2016,https://boxd.it/d2lg,4
2022-11-12,The School for Good and Evil,2022,https://boxd.it/tjO2,3
2022-11-13,Aliens,1986,https://boxd.it/29PA,4
2022-11-13,Princess Mononoke,1997,https://boxd.it/2b4w,4.5
2022-11-14,Parasite,2019,https://boxd.it/hTha,4.5
2022-11-16,Saving Grace,2000,https://boxd.it/26Sc,3
2022-11-16,Ghost Town,2008,https://boxd.it/1Rd4,3
2022-11-16,Sliding Doors,1998,https://boxd.it/1WNG,3
2022-11-16,Vampire Academy,2014,https://boxd.it/67qw,2.5
2022-11-16,How I Live Now,2013,https://boxd.it/53AU,3.5
2022-11-17,Emily the Criminal,2022,https://boxd.it/wBOq,3.5
2022-11-17,She-Hulk: Attorney at Law,2022,https://boxd.it/CjLK,1.5
2022-11-18,The Knight Before Christmas,2019,https://boxd.it/mAB6,2
2022-11-20,Plan B,2021,https://boxd.it/rUMy,4
2022-11-20,The 'Burbs,1989,https://boxd.it/1SDi,2
2022-11-20,The Hobbit: The Battle of the Five Armies,2014,https://boxd.it/43aU,2.5
2022-11-20,Bride Wars,2009,https://boxd.it/1W3I,3
2022-11-20,Year One,2009,https://boxd.it/1Ink,2.5
2022-11-20,Horrible Bosses,2011,https://boxd.it/Ba2,1
2022-11-20,One Hour Photo,2002,https://boxd.it/1YT2,2.5
2022-11-20,Percy Jackson: Sea of Monsters,2013,https://boxd.it/2D8m,3
2022-11-20,Troy,2004,https://boxd.it/29TW,3
2022-11-20,Die Hard 2,1990,https://boxd.it/28zw,3
2022-11-20,Dr. Horrible's Sing-Along Blog,2008,https://boxd.it/2wqy,3
2022-11-20,Holidays,2016,https://boxd.it/avB2,1.5
2022-11-20,The Little Mermaid,1989,https://boxd.it/1WYO,2.5
2022-11-20,The Man Who Sued God,2001,https://boxd.it/1Y94,2.5
2022-11-20,De-Lovely,2004,https://boxd.it/1MAC,3
2022-11-20,G-Force,2009,https://boxd.it/1ETc,2
2022-11-20,"I, Robot",2004,https://boxd.it/27y8,2
2022-11-20,The Cat in the Hat,2003,https://boxd.it/1VSU,3.5
2022-11-20,Divergent,2014,https://boxd.it/4VT0,3
2022-11-20,Legend of the Guardians: The Owls of Ga'Hoole,2010,https://boxd.it/ZUy,2.5
2022-11-20,Bicentennial Man,1999,https://boxd.it/2722,2.5
2022-11-20,2012,2009,https://boxd.it/1OE2,3
2022-11-20,Hocus Pocus,1993,https://boxd.it/1Wgi,3
2022-11-20,Bambi,1942,https://boxd.it/25AQ,1.5
2022-11-20,Barbie as Rapunzel,2002,https://boxd.it/1MZW,2.5
2022-11-20,A Bug's Life,1998,https://boxd.it/1Yyy,2
2022-11-20,Beauty and the Beast,1991,https://boxd.it/1XhG,3
2022-11-20,Sherlock Holmes,2009,https://boxd.it/1W2A,3.5
2022-11-20,Mickey Blue Eyes,1999,https://boxd.it/1WXc,1.5
2022-11-20,The Jungle Book,1967,https://boxd.it/1YY2,3
2022-11-20,Mary Poppins,1964,https://boxd.it/2aoA,3
2022-11-20,Ever After,1998,https://boxd.it/1YDI,3
2022-11-20,You've Got Mail,1998,https://boxd.it/1Yye,2.5
2022-11-20,Old Dogs,2009,https://boxd.it/1zPE,2.5
2022-11-20,The Angriest Man in Brooklyn,2014,https://boxd.it/4OtO,2.5
2022-11-20,The Sorcerer's Apprentice,2010,https://boxd.it/1sGg,3
2022-11-20,Season of the Witch,2011,https://boxd.it/1zJ2,1
2022-11-20,Green Lantern,2011,https://boxd.it/QN4,2
2022-11-20,Junior,1994,https://boxd.it/21Qg,1.5
2022-11-20,Scooby-Doo on Zombie Island,1998,https://boxd.it/1QIg,3
2022-11-20,The Haunted Mansion,2003,https://boxd.it/1Vtq,3
2022-11-20,The Mask,1994,https://boxd.it/29rS,3
2022-11-20,The Powerpuff Girls Movie,2002,https://boxd.it/ibg,3.5
2022-11-20,Get a Clue,2002,https://boxd.it/1unU,1.5
2022-11-20,Osmosis Jones,2001,https://boxd.it/1RAi,3
2022-11-20,Spy Kids,2001,https://boxd.it/1Xcw,3
2022-11-20,How the Grinch Stole Christmas,2000,https://boxd.it/1ZHQ,3
2022-11-20,Percy Jackson & the Olympians: The Lightning Thief,2010,https://boxd.it/1gJi,3.5
2022-11-20,Hannah Montana: The Movie,2009,https://boxd.it/1Hx4,2.5
2022-11-20,The Mortal Instruments: City of Bones,2013,https://boxd.it/44va,1.5
2022-11-20,Neighbors,2014,https://boxd.it/5Txe,3
2022-11-20,K-PAX,2001,https://boxd.it/2aYo,1
2022-11-20,Krampus,2015,https://boxd.it/8Wy6,2.5
2022-11-20,The Spy Next Door,2010,https://boxd.it/1zyo,2.5
2022-11-20,Race to Witch Mountain,2009,https://boxd.it/1PiQ,1.5
2022-11-20,Harriet the Spy: Blog Wars,2010,https://boxd.it/GgE,1.5
2022-11-20,The Karate Kid,2010,https://boxd.it/15HA,2.5
2022-11-20,I Am Number Four,2011,https://boxd.it/MXY,2
2022-11-20,Gnomeo & Juliet,2011,https://boxd.it/OKi,2.5
2022-11-20,Weekend at Bernie's,1989,https://boxd.it/204U,3
2022-11-20,The Karate Kid,1984,https://boxd.it/27Wk,2.5
2022-11-20,Descendants,2015,https://boxd.it/8rMm,2.5
2022-11-20,Peter Pan,2003,https://boxd.it/1VQY,3
2022-11-20,Ted,2012,https://boxd.it/2pgc,2
2022-11-20,Scoob!,2020,https://boxd.it/dqh8,0.5
2022-11-20,City of Ember,2008,https://boxd.it/1POs,2.5
2022-11-20,Evan Almighty,2007,https://boxd.it/26s4,2
2022-11-20,Dinner for Schmucks,2010,https://boxd.it/15dA,2
2022-11-20,Horton Hears a Who!,2008,https://boxd.it/1SfA,2.5
2022-11-20,Cars 2,2011,https://boxd.it/H4Y,2.5
2022-11-20,Maleficent,2014,https://boxd.it/3v1u,2.5
2022-11-20,Sherlock Holmes: A Game of Shadows,2011,https://boxd.it/k3S,2.5
2022-11-20,Cats & Dogs,2001,https://boxd.it/1UUq,3
2022-11-20,St Trinian's 2: The Legend of Fritton's Gold,2009,https://boxd.it/182U,3
2022-11-20,Lucy,2014,https://boxd.it/75hu,1.5
2022-11-20,Minority Report,2002,https://boxd.it/2aWi,2
2022-11-20,Independence Day: Resurgence,2016,https://boxd.it/JwK,2
2022-11-20,Journey to the Center of the Earth,2008,https://boxd.it/38EI,3
2022-11-20,Hugo,2011,https://boxd.it/R08,3
2022-11-20,Hop,2011,https://boxd.it/DQa,2
2022-11-20,Wallace & Gromit: The Curse of the Were-Rabbit,2005,https://boxd.it/2ac0,3
2022-11-20,The Tale of Despereaux,2008,https://boxd.it/1WQg,2.5
2022-11-20,101 Dalmatians,1996,https://boxd.it/1TgO,2.5
2022-11-20,Epic,2013,https://boxd.it/3SNm,1.5
2022-11-20,Hoodwinked Too! Hood VS. Evil,2011,https://boxd.it/nxc,2.5
2022-11-20,Two Weeks Notice,2002,https://boxd.it/26wK,2.5
2022-11-20,Life As We Know It,2010,https://boxd.it/162S,2.5
2022-11-20,The Golden Compass,2007,https://boxd.it/272Q,3
2022-11-20,Nim's Island,2008,https://boxd.it/1W8y,2
2022-11-20,Shorts,2009,https://boxd.it/1wl2,2
2022-11-20,Camp Rock,2008,https://boxd.it/1PHw,2
2022-11-20,Igor,2008,https://boxd.it/1OsA,2
2022-11-20,The Cheetah Girls: One World,2008,https://boxd.it/1rns,2
2022-11-20,Hotel for Dogs,2009,https://boxd.it/1MEa,2
2022-11-20,Princess Protection Program,2009,https://boxd.it/1F5s,2
2022-11-20,Be Kind Rewind,2008,https://boxd.it/23Au,2.5
2022-11-20,Star Trek,2009,https://boxd.it/1Q6c,3
2022-11-20,Ghosts of Girlfriends Past,2009,https://boxd.it/1RIm,2.5
2022-11-20,The Ugly Truth,2009,https://boxd.it/1CFi,2
2022-11-20,"Love, Death & Robots: Ice Age",2019,https://boxd.it/lJG8,1.5
2022-11-20,"Love, Death & Robots: Alternate Histories",2019,https://boxd.it/lJHg,1.5
2022-11-20,Sex & Violence with Machspeed,2015,https://boxd.it/h7q4,2.5
2022-11-20,Monster High: Why Do Ghouls Fall in Love?,2012,https://boxd.it/5bDM,2.5
2022-11-20,RED 2,2013,https://boxd.it/4E4E,2.5
2022-11-20,"Definitely, Maybe",2008,https://boxd.it/20eU,3
2022-11-20,A Knight's Tale,2001,https://boxd.it/1YAk,3
2022-11-20,Captain America: The First Avenger,2011,https://boxd.it/28b0,3
2022-11-20,Peter's Friends,1992,https://boxd.it/1T52,3
2022-11-20,The Secret Garden,1993,https://boxd.it/1Uim,1.5
2022-11-20,Wendy Wu: Homecoming Warrior,2006,https://boxd.it/d32,2
2022-11-20,Scary Godmother: Halloween Spooktakular,2003,https://boxd.it/Ia4,4
2022-11-20,Twitches Too,2007,https://boxd.it/NNg,2
2022-11-20,The Pink Panther,2006,https://boxd.it/1Sys,2.5
2022-11-20,The Simpsons Movie,2007,https://boxd.it/6YU,2.5
2022-11-20,Are We Done Yet?,2007,https://boxd.it/1WUi,2
2022-11-20,Meet the Robinsons,2007,https://boxd.it/28Ym,3
2022-11-20,Bratz: Fashion Pixiez,2007,https://boxd.it/gLQ,3
2022-11-20,Are We There Yet?,2005,https://boxd.it/1Tms,2.5
2022-11-20,Mickey's Twice Upon a Christmas,2004,https://boxd.it/1QiW,2
2022-11-20,Garfield,2004,https://boxd.it/1ZAA,2.5
2022-11-20,Mr. Deeds,2002,https://boxd.it/27BQ,2
2022-11-20,That's My Boy,2012,https://boxd.it/35IW,1.5
2022-11-20,The Santa Clause 3: The Escape Clause,2006,https://boxd.it/1Psw,1.5
2022-11-20,Happily N'Ever After,2006,https://boxd.it/236E,1.5
2022-11-20,Cinderella III: A Twist in Time,2007,https://boxd.it/1KMw,3
2022-11-20,The Spiderwick Chronicles,2008,https://boxd.it/20v2,3
2022-11-20,Roxy Hunter and the Mystery of the Moody Ghost,2007,https://boxd.it/eYS,1.5
2022-11-20,It's Complicated,2009,https://boxd.it/1zUY,2
2022-11-20,Madagascar,2005,https://boxd.it/29dc,3
2022-11-20,Casper,1995,https://boxd.it/1ZMw,2.5
2022-11-20,The Indian in the Cupboard,1995,https://boxd.it/1U2y,2
2022-11-20,Billy Madison,1995,https://boxd.it/1UQI,1.5
2022-11-20,Kindergarten Cop,1990,https://boxd.it/29dm,2
2022-11-20,Stuart Little,1999,https://boxd.it/1WZW,1
2022-11-20,Johnny English,2003,https://boxd.it/1YyI,0.5
2022-11-20,Hair Love,2019,https://boxd.it/lI1I,3
2022-11-20,Charlotte's Web,2006,https://boxd.it/1Xn0,1.5
2022-11-20,Kung Fu Panda 3,2016,https://boxd.it/4uRQ,2.5
2022-11-20,Bruce Almighty,2003,https://boxd.it/2aCC,3
2022-11-20,Mr. Magorium's Wonder Emporium,2007,https://boxd.it/271o,2
2022-11-20,Confessions of a Teenage Drama Queen,2004,https://boxd.it/1UyE,2
2022-11-20,Night at the Museum: Battle of the Smithsonian,2009,https://boxd.it/1H7U,3
2022-11-20,The Switch,2010,https://boxd.it/ZVw,2
2022-11-20,Blackadder: The Cavalier Years,1988,https://boxd.it/7kXK,3.5
2022-11-20,The Sisterhood of the Traveling Pants,2005,https://boxd.it/1XPo,2
2022-11-20,Blackadder: Back & Forth,1999,https://boxd.it/5QYG,3
2022-11-20,Slumdog Millionaire,2008,https://boxd.it/1S3E,3
2022-11-20,G.I. Jane,1997,https://boxd.it/24my,3.5
2022-11-20,Pitch Perfect 2,2015,https://boxd.it/7tNa,2.5
2022-11-20,The Hunger Games: Mockingjay – Part 1,2014,https://boxd.it/4hka,2.5
2022-11-20,Monsters vs Aliens,2009,https://boxd.it/1M50,3
2022-11-20,A.I. Artificial Intelligence,2001,https://boxd.it/29Ve,2
2022-11-20,Open Season,2006,https://boxd.it/20U2,3
2022-11-20,Chicken Little,2005,https://boxd.it/1Xnu,1.5
2022-11-20,The Witches,1990,https://boxd.it/1WVg,2.5
2022-11-20,Christmas with the Kranks,2004,https://boxd.it/1PEW,2
2022-11-20,Girl vs. Monster,2012,https://boxd.it/4r7K,2
2022-11-20,L!fe Happens,2011,https://boxd.it/3cxw,2.5
2022-11-20,Star Trek Beyond,2016,https://boxd.it/5Ik4,3
2022-11-20,Star Trek Into Darkness,2013,https://boxd.it/uYE,3
2022-11-20,The Avengers,2012,https://boxd.it/1xFW,2.5
2022-11-20,The Smurfs,2011,https://boxd.it/Zcm,2.5
2022-11-20,The Smurfs 2,2013,https://boxd.it/2HvO,2.5
2022-11-20,Lara Croft: Tomb Raider – The Cradle of Life,2003,https://boxd.it/27FS,3
2022-11-20,Sky Captain and the World of Tomorrow,2004,https://boxd.it/23jS,2.5
2022-11-20,Johnny English Reborn,2011,https://boxd.it/kQq,2
2022-11-20,"Monsters, Inc.",2001,https://boxd.it/2a46,2.5
2022-11-20,The Wolverine,2013,https://boxd.it/2CWU,2.5
2022-11-20,Surf's Up,2007,https://boxd.it/1YKY,2
2022-11-20,Alvin and the Chipmunks,2007,https://boxd.it/21E0,2
2022-11-20,Rio,2011,https://boxd.it/NKc,2.5
2022-11-20,Burlesque,2010,https://boxd.it/Xfo,2.5
2022-11-20,Thor,2011,https://boxd.it/1WQU,3
2022-11-20,Thor: The Dark World,2013,https://boxd.it/2DqA,2
2022-11-20,16 Wishes,2010,https://boxd.it/12eU,2
2022-11-20,Housesitter,1992,https://boxd.it/1Wli,1.5
2022-11-20,Austin Powers: The Spy Who Shagged Me,1999,https://boxd.it/29xQ,1.5
2022-11-20,Monster High: Fright On!,2011,https://boxd.it/6I56,3
2022-11-20,The Hobbit: The Desolation of Smaug,2013,https://boxd.it/nmS,2.5
2022-11-20,Star Wars: Episode III – Revenge of the Sith,2005,https://boxd.it/27US,2.5
2022-11-20,The Boy Who Cried Werewolf,2010,https://boxd.it/J5u,2.5
2022-11-20,Beethoven,1992,https://boxd.it/1T36,2
2022-11-20,Home Alone 2: Lost in New York,1992,https://boxd.it/29F6,1.5
2022-11-20,Star Wars: Episode I – The Phantom Menace,1999,https://boxd.it/27Vc,2.5
2022-11-20,I Love You Phillip Morris,2009,https://boxd.it/1ZvK,2
2022-11-20,Star Wars,1977,https://boxd.it/72s,3
2022-11-20,Austin Powers in Goldmember,2002,https://boxd.it/29xG,1.5
2022-11-20,The Best Exotic Marigold Hotel,2012,https://boxd.it/2AJu,3.5
2022-11-20,Twitches,2005,https://boxd.it/1BPw,2
2022-11-20,Raiders of the Lost Ark,1981,https://boxd.it/2bbs,2.5
2022-11-20,The House Bunny,2008,https://boxd.it/1RyG,2.5
2022-11-20,The Adventures of Rocky & Bullwinkle,2000,https://boxd.it/1IaK,2
2022-11-20,Madagascar: Escape 2 Africa,2008,https://boxd.it/1W2K,2
2022-11-20,Garfield: A Tail of Two Kitties,2006,https://boxd.it/1YuG,2
2022-11-20,Popstar: Never Stop Never Stopping,2016,https://boxd.it/blDa,2.5
2022-11-20,The Croods,2013,https://boxd.it/FRE,3
2022-11-20,Nanny McPhee and the Big Bang,2010,https://boxd.it/1cX6,3
2022-11-20,Trick 'r Treat,2007,https://boxd.it/1zvE,2
2022-11-20,Diary of a Wimpy Kid,2010,https://boxd.it/1fUa,2
2022-11-20,Friends with Benefits,2011,https://boxd.it/DoK,2
2022-11-20,Night at the Museum,2006,https://boxd.it/28wi,3
2022-11-20,The Hobbit: An Unexpected Journey,2012,https://boxd.it/GZk,2.5
2022-11-20,X-Men: The Last Stand,2006,https://boxd.it/1a5Q,2.5
2022-11-20,Secret of the Wings,2012,https://boxd.it/2xMU,2.5
2022-11-20,Clash of the Titans,2010,https://boxd.it/1GfI,2.5
2022-11-20,Neighbors 2: Sorority Rising,2016,https://boxd.it/aA80,2.5
2022-11-20,Kung Fu Panda 2,2011,https://boxd.it/G36,2.5
2022-11-20,Shark Tale,2004,https://boxd.it/1VYe,2.5
2022-11-20,Maze Runner: The Scorch Trials,2015,https://boxd.it/9hwA,2
2022-11-20,Oz the Great and Powerful,2013,https://boxd.it/2cAI,1.5
2022-11-20,Hook,1991,https://boxd.it/29nQ,2.5
2022-11-20,Star Wars: Episode II – Attack of the Clones,2002,https://boxd.it/27V2,2.5
2022-11-20,Men in Black 3,2012,https://boxd.it/103U,3
2022-11-20,Bo Burnham: What.,2013,https://boxd.it/7au4,3.5
2022-11-20,Anchorman: The Legend of Ron Burgundy,2004,https://boxd.it/1ZVo,0.5
2022-11-20,Dr. Dolittle 2,2001,https://boxd.it/1Vlm,2.5
2022-11-20,The Chronicles of Narnia: Prince Caspian,2008,https://boxd.it/26Hy,3
2022-11-20,Return of the Jedi,1983,https://boxd.it/27Vm,3
2022-11-20,Charlie and the Chocolate Factory,2005,https://boxd.it/2b68,1.5
2022-11-20,The Secret World of Arrietty,2010,https://boxd.it/AF4,2.5
2022-11-20,The Lost World: Jurassic Park,1997,https://boxd.it/2azS,3
2022-11-20,Halloweentown,1998,https://boxd.it/1qPq,3
2022-11-20,Ice Age: Dawn of the Dinosaurs,2009,https://boxd.it/20iC,3
2022-11-20,Shrek Forever After,2010,https://boxd.it/1WRo,3
2022-11-20,Ice Age: The Meltdown,2006,https://boxd.it/2wRk,3
2022-11-20,Austin Powers: International Man of Mystery,1997,https://boxd.it/29y0,1.5
2022-11-20,Lady and the Tramp,1955,https://boxd.it/1Wv8,2.5
2022-11-20,"The Chronicles of Narnia: The Lion, the Witch and the Wardrobe",2005,https://boxd.it/2ark,3
2022-11-20,9,2009,https://boxd.it/1Scm,2.5
2022-11-20,Billy Elliot,2000,https://boxd.it/2bdy,3
2022-11-20,The Empire Strikes Back,1980,https://boxd.it/27Vw,2.5
2022-11-20,Back to the Future Part III,1990,https://boxd.it/2aTS,2.5
2022-11-20,Shanghai Noon,2000,https://boxd.it/202a,2.5
2022-11-20,Mom's Got a Date with a Vampire,2000,https://boxd.it/3emU,2.5
2022-11-20,The Amazing Spider-Man,2012,https://boxd.it/27PI,2.5
2022-11-20,Cheaper by the Dozen 2,2005,https://boxd.it/1Yac,2.5
2022-11-20,Flubber,1997,https://boxd.it/1YkQ,2.5
2022-11-20,X-Men: First Class,2011,https://boxd.it/FOA,3
2022-11-20,How Do You Know,2010,https://boxd.it/VMK,3
2022-11-20,Julie & Julia,2009,https://boxd.it/1wXg,2
2022-11-20,Ocean's Twelve,2004,https://boxd.it/2aZ2,2.5
2022-11-20,Chicken Run,2000,https://boxd.it/20Xg,2
2022-11-20,Nancy Drew,2007,https://boxd.it/1OSe,1.5
2022-11-20,Cheaper by the Dozen,2003,https://boxd.it/1USa,2.5
2022-11-20,The Hunchback of Notre Dame,1996,https://boxd.it/1VZQ,3
2022-11-20,Ice Age,2002,https://boxd.it/2apS,3
2022-11-21,Matilda,1996,https://boxd.it/1VhY,2.5
2022-11-21,"Love, Death & Robots: The Witness",2019,https://boxd.it/lFO8,3.5
2022-11-21,K-12,2019,https://boxd.it/mNZA,1.5
2022-11-21,"Love, Death & Robots: Fish Night",2019,https://boxd.it/lJGs,2.5
2022-11-21,"Love, Death & Robots: Blindspot",2019,https://boxd.it/lJH6,3
2022-11-21,"Love, Death & Robots: Shape-Shifters",2019,https://boxd.it/lJFY,4
2022-11-21,"Love, Death & Robots: The Dump",2019,https://boxd.it/lJGi,1.5
2022-11-21,"Love, Death & Robots: Suits",2019,https://boxd.it/lFOM,3
2022-11-21,"Love, Death & Robots: Jibaro",2022,https://boxd.it/EqO6,0.5
2022-11-21,Brüno,2009,https://boxd.it/1GSA,1.5
2022-11-21,Bird Box,2018,https://boxd.it/eh1i,4
2022-11-21,As Good as It Gets,1997,https://boxd.it/268y,3
2022-11-21,The Boy in the Striped Pyjamas,2008,https://boxd.it/1NOK,3
2022-11-21,Ender's Game,2013,https://boxd.it/2N9Y,2.5
2022-11-21,Boy,2010,https://boxd.it/13RS,3
2022-11-21,Accepted,2006,https://boxd.it/1XO6,2
2022-11-22,Swordfish,2001,https://boxd.it/1Y0m,2.5
2022-11-23,Sgt. Bilko,1996,https://boxd.it/1Zas,3
2022-11-23,The Secret of Moonacre,2008,https://boxd.it/1HGU,3
2022-11-23,Ella Enchanted,2004,https://boxd.it/1O5G,3
2022-11-23,Waiting...,2005,https://boxd.it/20Pw,2.5
2022-11-23,Inkheart,2008,https://boxd.it/26XG,2.5
2022-11-23,"Three Billboards Outside Ebbing, Missouri",2017,https://boxd.it/ceBS,4.5
2022-11-24,Room,2015,https://boxd.it/7T0y,3.5
2022-11-24,Starship Troopers,1997,https://boxd.it/2a7k,4.5
2022-11-24,Spider-Man: No Way Home,2021,https://boxd.it/nwRw,3
2022-11-25,Sleeping Beauty,1959,https://boxd.it/1V9A,2.5
2022-11-25,"Love, Death & Robots: Pop Squad",2021,https://boxd.it/vhLE,4
2022-11-25,"Love, Death & Robots: The Tall Grass",2021,https://boxd.it/vdQU,2.5
2022-11-25,"Love, Death & Robots: The Drowned Giant",2021,https://boxd.it/vdRo,1
2022-11-25,Whiplash,2014,https://boxd.it/7bQA,5
2022-11-25,Keeping Mum,2005,https://boxd.it/1Y3g,3
2022-11-25,Trick or Treat Scooby-Doo!,2022,https://boxd.it/CobW,2.5
2022-11-25,The Big Chill,1983,https://boxd.it/1RHI,4
2022-11-25,This Is Spinal Tap,1984,https://boxd.it/1UOs,2.5
2022-11-26,Vamps,2012,https://boxd.it/2wWY,3
2022-11-26,The Family,2013,https://boxd.it/3LkW,3
2022-11-27,Roxanne,1987,https://boxd.it/1TuG,2
2022-11-27,The Man from U.N.C.L.E.,2015,https://boxd.it/67lG,3
2022-11-27,10 Things I Hate About You,1999,https://boxd.it/23AO,3.5
2022-11-27,Jennifer's Body,2009,https://boxd.it/1Efw,4.5
2022-11-27,Prey,2022,https://boxd.it/sNBU,5
2022-11-27,Blindspotting,2018,https://boxd.it/hDMw,4
2022-11-27,Frankenhooker,1990,https://boxd.it/1saE,2
2022-11-27,Parental Guidance,2012,https://boxd.it/37JC,2.5
2022-11-28,Please Don't Eat the Daisies,1960,https://boxd.it/1F8G,2.5
2022-11-30,Your Name.,2016,https://boxd.it/cUqs,4.5
2022-11-30,A Whisker Away,2020,https://boxd.it/oQEa,4
2022-12-01,Brave,2012,https://boxd.it/bVG,3.5
2022-12-01,Brother Bear,2003,https://boxd.it/1Xjs,4
2022-12-02,Enchanted,2007,https://boxd.it/24co,2.5
2022-12-02,Death Becomes Her,1992,https://boxd.it/1YQi,4
2022-12-03,The Unbearable Weight of Massive Talent,2022,https://boxd.it/o6eK,4
2022-12-08,The Shape of Water,2017,https://boxd.it/dZ5m,5
2022-12-09,You Don't Mess with the Zohan,2008,https://boxd.it/1VHs,0.5
2022-12-09,Splice,2009,https://boxd.it/17HW,2.5
2022-12-09,Smiley Face,2007,https://boxd.it/1QG0,4
2022-12-10,Battle Royale,2000,https://boxd.it/25zS,3
2022-12-12,Lara Croft: Tomb Raider,2001,https://boxd.it/27G2,2.5
2022-12-12,Murder on the Orient Express,2017,https://boxd.it/dHjA,2
2022-12-13,Women on the Verge of a Nervous Breakdown,1988,https://boxd.it/24GI,4.5
2022-12-19,Monster Hunter,2020,https://boxd.it/gnB6,1
2022-12-26,Ten Inch Hero,2007,https://boxd.it/1NgS,4
2022-12-26,Raising Arizona,1987,https://boxd.it/2avQ,3
2022-12-27,Millennium Actress,2001,https://boxd.it/1fK0,3
2022-12-27,WarGames,1983,https://boxd.it/29qU,4.5
2022-12-29,Buffy the Vampire Slayer,1992,https://boxd.it/1WP8,2
2022-12-29,The Adam Project,2022,https://boxd.it/q2Dg,4
2022-12-29,Sabrina the Teenage Witch,1996,https://boxd.it/1LLu,3
2023-01-01,Kiss Kiss Bang Bang,2005,https://boxd.it/23c8,3.5
2023-01-01,Kissing Jessica Stein,2001,https://boxd.it/1LPc,2
2023-01-01,Don't Look Up,2021,https://boxd.it/o0Hc,3
2023-01-01,Bee and PuppyCat,2013,https://boxd.it/6ll6,5
2023-01-01,Nausicaä of the Valley of the Wind,1984,https://boxd.it/2bc6,2.5
2023-01-01,Romeo + Juliet,1996,https://boxd.it/2ama,2.5
2023-01-01,Malignant,2021,https://boxd.it/mViE,1
2023-01-02,Mansfield Park,1999,https://boxd.it/1Wmq,3
2023-01-02,Nightcrawler,2014,https://boxd.it/780m,4
2023-01-02,Charade,1963,https://boxd.it/23O2,2
2023-01-03,Knives Out,2019,https://boxd.it/jWEA,4.5
2023-01-05,Drop Dead Gorgeous,1999,https://boxd.it/1W8e,3
2023-01-06,A Quiet Place,2018,https://boxd.it/fVJQ,3.5
2023-01-06,A Quiet Place Part II,2020,https://boxd.it/iTx0,3
2023-01-07,Feels Good Man,2020,https://boxd.it/oigS,3.5
2023-01-07,Metropolis,1927,https://boxd.it/71a,2
2023-01-07,"The Adventures of Priscilla, Queen of the Desert",1994,https://boxd.it/26mg,4
2023-01-08,Adaptation.,2002,https://boxd.it/26mA,1.5
2023-01-09,Good Bye Lenin!,2003,https://boxd.it/2ayA,3.5
2023-01-10,Seven Psychopaths,2012,https://boxd.it/34PW,3.5
2023-01-10,Glass Onion,2022,https://boxd.it/oCkK,3
2023-01-11,The Menu,2022,https://boxd.it/lScm,5
2023-01-12,Eternal Sunshine of the Spotless Mind,2004,https://boxd.it/6YK,4
2023-01-14,Abraham Lincoln: Vampire Hunter,2012,https://boxd.it/2oG4,1.5
2023-01-15,Spider-Man,2002,https://boxd.it/2a8i,3.5
2023-01-16,Moon,2009,https://boxd.it/1IGQ,2
2023-01-20,"Night Is Short, Walk on Girl",2017,https://boxd.it/ffwA,5
2023-01-21,Vagina Vacation,2009,https://boxd.it/93Ze,3
2023-01-22,Run Lola Run,1998,https://boxd.it/2b8o,4
2023-01-24,Hoodwinked!,2005,https://boxd.it/1UVS,3
2023-01-25,Puss in Boots: The Last Wish,2022,https://boxd.it/aaie,3.5
2023-01-28,Turning Red,2022,https://boxd.it/ipkq,4.5
2023-01-28,Magnifica,2022,https://boxd.it/Dlrk,3.5
2023-01-28,Under This Luminous Sky,2022,https://boxd.it/BCgY,4
2023-01-28,Marcel the Shell with Shoes On,2021,https://boxd.it/wMAk,4.5
2023-01-28,Hansel & Gretel: Witch Hunters,2013,https://boxd.it/gmw,2
2023-01-28,Van Helsing,2004,https://boxd.it/21aa,1.5
2023-02-02,After Hours,1985,https://boxd.it/1VfS,1.5
2023-02-03,"I, Tonya",2017,https://boxd.it/dzR0,4
2023-02-04,Black Panther: Wakanda Forever,2022,https://boxd.it/igPu,2
2023-02-08,Once,2007,https://boxd.it/22GG,3
2023-02-09,Æon Flux,2005,https://boxd.it/20vc,2
2023-02-10,Akira,1988,https://boxd.it/2b1i,4
2023-02-16,John Wick: Chapter 3 – Parabellum,2019,https://boxd.it/gmFw,2
2023-02-16,After Yang,2021,https://boxd.it/lx5a,4
2023-02-18,High Fidelity,2000,https://boxd.it/2aMW,4
2023-02-20,Practical Magic,1998,https://boxd.it/21HS,2
2023-02-20,Alita: Battle Angel,2019,https://boxd.it/e0rS,4
2023-02-23,Scream,1996,https://boxd.it/24EC,4.5
2023-02-23,Aladdin,1992,https://boxd.it/29yE,4
2023-02-26,National Theatre Live: Fleabag,2019,https://boxd.it/mXOW,4.5
2023-02-26,Teen Wolf,1985,https://boxd.it/1T0c,2
2023-02-26,Crashing,2016,https://boxd.it/ndN6,3.5
2023-02-26,San Andreas,2015,https://boxd.it/7sUa,2.5
2023-02-26,Ice Age: Continental Drift,2012,https://boxd.it/lQ2,3
2023-02-26,Death Note,2006,https://boxd.it/psEs,3.5
2023-02-26,Analyze This,1999,https://boxd.it/1Yr8,3
2023-02-26,The Aristocats,1970,https://boxd.it/1X3Y,3
2023-02-26,One Hundred and One Dalmatians,1961,https://boxd.it/1SeC,3
2023-03-05,Ex Machina,2014,https://boxd.it/7T2k,3.5
2023-03-07,Shiva Baby,2018,https://boxd.it/ieIc,3
2023-03-07,The Big Short,2015,https://boxd.it/ajZw,2.5
2023-03-23,Scary Movie 2,2001,https://boxd.it/24Cw,1.5
2023-03-24,Kick-Heart,2013,https://boxd.it/590o,5
2023-03-24,Little Miss Sunshine,2006,https://boxd.it/29EW,5
2023-03-24,The Birdcage,1996,https://boxd.it/1UTi,5
2023-03-25,Hush,2016,https://boxd.it/d5ys,3
2023-03-27,House,1977,https://boxd.it/1vsm,3.5
2023-03-28,Treasure Planet,2002,https://boxd.it/1Znm,4.5
2023-03-28,Cursed,2005,https://boxd.it/1XiY,1
2023-03-30,Assassination Nation,2018,https://boxd.it/fSIq,2.5
2023-04-03,Pineapple Express,2008,https://boxd.it/1WRS,1.5
2023-04-05,Happiest Season,2020,https://boxd.it/iS3I,3
2023-04-08,This Is Going to Hurt,2022,https://boxd.it/B0Gk,5
2023-04-09,Smiling Friends,2020,https://boxd.it/pKrc,3
2023-04-09,Only Lovers Left Alive,2013,https://boxd.it/4O1U,2.5
2023-04-11,Wild Tales,2014,https://boxd.it/7UmK,4.5
2023-04-11,Spotlight,2015,https://boxd.it/a84k,4.5
2023-04-12,The Nice Guys,2016,https://boxd.it/94Hg,4.5
2023-04-12,Duck Amuck,1953,https://boxd.it/x66,4
2023-04-12,The Gay and Wondrous Life of Caleb Gallo,2016,https://boxd.it/npHY,5
2023-04-14,Whip It,2009,https://boxd.it/1A3m,4.5
2023-04-16,Suzume,2022,https://boxd.it/yv7Y,4.5
2023-04-18,TÁR,2022,https://boxd.it/uNIA,3
2023-04-19,Office Space,1999,https://boxd.it/28Em,3
2023-04-19,The Full Monty,1997,https://boxd.it/1YI4,3.5
2023-04-19,Swiss Army Man,2016,https://boxd.it/bDG2,3
2023-04-23,Buddy Daddies,2023,https://boxd.it/G0Te,4
2023-04-25,Mystery Team,2009,https://boxd.it/16Nu,2.5
2023-04-25,The Last Song,2010,https://boxd.it/1c5I,3
2023-04-25,Thelma & Louise,1991,https://boxd.it/28Ew,5
2023-04-25,The Fifth Element,1997,https://boxd.it/71k,5
2023-04-25,Avatar,2009,https://boxd.it/1Efm,2
2023-04-27,Babylon,2022,https://boxd.it/mM02,1.5
2023-04-27,Romy and Michele's High School Reunion,1997,https://boxd.it/1Yf2,3.5
2023-04-27,Hairspray,2007,https://boxd.it/261M,3.5
2023-04-29,The Beach Bum,2019,https://boxd.it/fH4O,2.5
2023-04-29,Wonder Woman 1984,2020,https://boxd.it/gBtA,2
2023-04-29,Sugar & Spice,2001,https://boxd.it/1JKa,3
2023-04-29,Barbie Video Game Hero,2017,https://boxd.it/fqCE,1
2023-04-29,Breakfast at Tiffany's,1961,https://boxd.it/2aYS,4
2023-04-29,The Vampire Lovers,1970,https://boxd.it/1i2U,3
2023-04-30,Mad Max: Fury Road,2015,https://boxd.it/2DjO,2.5
2023-04-30,Dazed and Confused,1993,https://boxd.it/1Ylk,1
2023-04-30,Zombieland: Double Tap,2019,https://boxd.it/bgb6,2
2023-04-30,Big,1988,https://boxd.it/271S,2
2023-04-30,Click,2006,https://boxd.it/1YVM,1.5
2023-04-30,Seeking a Friend for the End of the World,2012,https://boxd.it/376g,3
2023-04-30,"Angus, Thongs and Perfect Snogging",2008,https://boxd.it/1RpO,1.5
2023-04-30,Mike and Dave Need Wedding Dates,2016,https://boxd.it/aciK,1.5
2023-04-30,Southland Tales,2006,https://boxd.it/23Uu,1.5
2023-04-30,Radio Rebel,2012,https://boxd.it/39mq,1
2023-04-30,Afronauts,2014,https://boxd.it/7Y70,1.5
2023-04-30,Pulp Fiction,1994,https://boxd.it/29Pq,2
2023-04-30,The Wolf of Wall Street,2013,https://boxd.it/3C1m,2
2023-04-30,Vertigo,1958,https://boxd.it/2apI,2.5
2023-04-30,Fantastic Mr. Fox,2009,https://boxd.it/1WyQ,2.5
2023-04-30,Alice Through the Looking Glass,2016,https://boxd.it/75Yo,1.5
2023-04-30,Bright,2017,https://boxd.it/e1H8,2
2023-04-30,August Rush,2007,https://boxd.it/23kQ,2.5
2023-04-30,Tootsie,1982,https://boxd.it/1YkG,2.5
2023-04-30,Grease,1978,https://boxd.it/29YW,2.5
2023-04-30,Beetlejuice,1988,https://boxd.it/24QI,3
2023-04-30,Overboard,1987,https://boxd.it/1VpS,1.5
2023-04-30,Isle of Flowers,1989,https://boxd.it/POU,4.5
2023-04-30,Wendell & Wild,2022,https://boxd.it/iwtu,3
2023-05-01,Fantastic Four,2005,https://boxd.it/1XVw,3
2023-05-01,Anaconda,1997,https://boxd.it/1YSy,1.5
2023-05-04,Franz Kafka's a Country Doctor,2007,https://boxd.it/2vWS,2.5
2023-05-04,How to Train Your Dragon: The Hidden World,2019,https://boxd.it/5a9w,4
2023-05-04,Scooby-Doo,2002,https://boxd.it/1YaQ,3.5
2023-05-04,Scooby-Doo 2: Monsters Unleashed,2004,https://boxd.it/1UPA,4
2023-05-05,Badlands,1973,https://boxd.it/25Fm,2.5
2023-05-05,Tour de Pharmacy,2017,https://boxd.it/gnxS,3.5
2023-05-05,Crazy Rich Asians,2018,https://boxd.it/gfnK,3.5
2023-05-05,Josie and the Pussycats,2001,https://boxd.it/1Fdm,3.5
2023-05-05,Best in Show,2000,https://boxd.it/1Pqq,2.5
2023-05-07,Morgan,2016,https://boxd.it/d6Yw,2.5
2023-05-07,Madagascar 3: Europe's Most Wanted,2012,https://boxd.it/2NF6,2.5
2023-05-07,Hellboy,2004,https://boxd.it/28HK,2.5
2023-05-11,Ali Wong: Don Wong,2022,https://boxd.it/zbWY,1.5
2023-05-12,This Is the End,2013,https://boxd.it/3GB4,2
2023-05-14,Bad Education,2019,https://boxd.it/jiME,4
2023-05-15,Never Rarely Sometimes Always,2020,https://boxd.it/lWJk,4
2023-05-18,Looney Tunes: Back in Action,2003,https://boxd.it/1Vzo,2.5
2023-05-18,"To Wong Foo, Thanks for Everything! Julie Newmar",1995,https://boxd.it/1ZbK,3.5
2023-05-20,Teen Beach Movie,2013,https://boxd.it/5rKa,3.5
2023-05-20,In the Loop,2009,https://boxd.it/1EsA,4.5
2023-05-21,Earth Girls Are Easy,1988,https://boxd.it/27bI,3.5
2023-05-21,Bottle Rocket,1996,https://boxd.it/1PDa,3
2023-05-21,Batman & Robin,1997,https://boxd.it/2ar0,1.5
2023-05-22,Barbarella,1968,https://boxd.it/20Ba,4
2023-05-22,Wild Target,2010,https://boxd.it/SGk,3
2023-05-22,The Social Network,2010,https://boxd.it/17ue,4
2023-05-22,Kiki's Delivery Service,1989,https://boxd.it/1JAY,3
2023-05-22,The Wizard of Oz,1939,https://boxd.it/29Xu,3
2023-05-22,The Muppets,2011,https://boxd.it/1zg,1
2023-05-23,Velvet Goldmine,1998,https://boxd.it/2878,3.5
2023-05-23,Hotel Rwanda,2004,https://boxd.it/2aSA,3.5
2023-05-23,Female Trouble,1974,https://boxd.it/1Oqk,3
2023-05-24,My Babysitter's a Vampire,2010,https://boxd.it/6hQ,4
2023-05-24,That Awkward Moment,2014,https://boxd.it/6Ftu,3
2023-05-24,Toy Story 2,1999,https://boxd.it/29qq,3
2023-05-24,Toy Story,1995,https://boxd.it/29qA,3
2023-05-24,Toy Story 3,2010,https://boxd.it/1WRe,3
2023-05-24,Mrs. Doubtfire,1993,https://boxd.it/29Cw,3
2023-05-24,High School Musical,2006,https://boxd.it/1V0y,3
2023-05-24,Clueless,1995,https://boxd.it/1Ygk,3.5
2023-05-24,American Psycho,2000,https://boxd.it/28Vs,2.5
2023-05-24,Yes Man,2008,https://boxd.it/1WPW,2.5
2023-05-25,Saved!,2004,https://boxd.it/1QCM,3
2023-05-26,All Cheerleaders Die,2013,https://boxd.it/6ipk,2.5
2023-05-27,A League of Their Own,1992,https://boxd.it/1UdG,3.5
2023-05-27,War on Everyone,2016,https://boxd.it/aZXW,1
2023-05-27,Secretary,2002,https://boxd.it/1URc,3.5
2023-05-27,Big Little Lies,2017,https://boxd.it/fYde,4.5
2023-05-28,Home Again,2017,https://boxd.it/f9QE,2.5
2023-05-28,She-Devil,1989,https://boxd.it/1UuW,3.5
2023-05-29,Léon: The Professional,1994,https://boxd.it/2b8S,4.5
2023-05-29,The Super Mario Bros. Movie,2023,https://boxd.it/i8C8,2
2023-05-30,Saving Face,2004,https://boxd.it/1Fj0,3.5
2023-05-31,Attack the Block,2011,https://boxd.it/hFO,3.5
2023-06-01,Easy A,2010,https://boxd.it/17DK,4
2023-06-02,"Right Place, Wrong Tim",2018,https://boxd.it/jPdW,3.5
2023-06-04,Legally Blonde,2001,https://boxd.it/1ZNa,3
2023-06-07,Party Monster,2003,https://boxd.it/28NI,2.5
2023-06-08,Batman Returns,1992,https://boxd.it/2awa,3.5
2023-06-08,Big Fat Liar,2002,https://boxd.it/1STg,2
2023-06-08,Pride & Prejudice,2005,https://boxd.it/24u8,4.5
2023-06-09,A Perfect Getaway,2009,https://boxd.it/1S3Y,2.5
2023-06-10,How to Lose a Guy in 10 Days,2003,https://boxd.it/1XwG,3.5
2023-06-10,Fried Green Tomatoes,1991,https://boxd.it/28qY,4
2023-06-10,Nine to Five,1980,https://boxd.it/1F2S,4
2023-06-11,The Amazing Spider-Man 2,2014,https://boxd.it/3utM,2.5
2023-06-11,Barbie: A Fashion Fairytale,2010,https://boxd.it/QSy,3
2023-06-11,Barbie and the Magic of Pegasus,2005,https://boxd.it/1Lgc,3
2023-06-11,Barbie and the Three Musketeers,2009,https://boxd.it/1z4y,3.5
2023-06-11,Barbie as the Island Princess,2007,https://boxd.it/1Quy,3
2023-06-11,Barbie as The Princess & the Pauper,2004,https://boxd.it/1MGU,3
2023-06-11,Barbie: Fairytopia,2005,https://boxd.it/1Quo,3
2023-06-11,Barbie Fairytopia: Magic of the Rainbow,2007,https://boxd.it/1Jri,3
2023-06-11,Barbie Fairytopia: Mermaidia,2006,https://boxd.it/1Que,3
2023-06-11,Barbie in The 12 Dancing Princesses,2006,https://boxd.it/1R34,3
2023-06-11,Barbie in the Nutcracker,2001,https://boxd.it/1MGA,3
2023-06-11,Barbie Mariposa,2008,https://boxd.it/1Hom,3
2023-06-11,Barbie of Swan Lake,2003,https://boxd.it/1MZM,3
2023-06-11,Barbie: Princess Charm School,2011,https://boxd.it/2vLK,3
2023-06-11,Barbie: The Princess & The Popstar,2012,https://boxd.it/4eci,2.5
2023-06-11,Bratz: Genie Magic,2006,https://boxd.it/19DW,3
2023-06-11,Calamity Jane,1953,https://boxd.it/1OJw,3
2023-06-11,The Cheetah Girls,2003,https://boxd.it/1hkS,2.5
2023-06-11,A Cinderella Story,2004,https://boxd.it/1UgU,2
2023-06-11,Donks,2023,https://boxd.it/EUnY,3
2023-06-11,The Fairly OddParents! Abra Catastrophe,2003,https://boxd.it/q4SW,2.5
2023-06-11,The Five-Year Engagement,2012,https://boxd.it/2oZU,1.5
2023-06-11,Geek Charming,2011,https://boxd.it/2Q8k,1
2023-06-11,Gentlemen Prefer Blondes,1953,https://boxd.it/29Hc,3.5
2023-06-11,High School Musical 2,2007,https://boxd.it/1PIu,3.5
2023-06-11,High School Musical 3: Senior Year,2008,https://boxd.it/1SR0,3
2023-06-11,Indiana Jones and the Temple of Doom,1984,https://boxd.it/2bb8,2.5
2023-06-11,Insurgent,2015,https://boxd.it/7NNa,2
2023-06-11,The Kissing Booth 2,2020,https://boxd.it/lrky,0.5
2023-06-11,The Lion King II: Simba's Pride,1998,https://boxd.it/1XWu,1
2023-06-11,The Little Mermaid II: Return to the Sea,2000,https://boxd.it/1V88,2
2023-06-11,"Mickey, Donald, Goofy: The Three Musketeers",2004,https://boxd.it/1BZc,3
2023-06-11,Mickey's Once Upon a Christmas,1999,https://boxd.it/1Mj2,3
2023-06-11,Phineas and Ferb: The Movie: Across the 2nd Dimension,2011,https://boxd.it/2ql8,3
2023-06-11,Pickle Surprise,1989,https://boxd.it/fBzQ,3
2023-06-11,Snow White and the Huntsman,2012,https://boxd.it/k1M,1.5
2023-06-11,Spider-Man 2,2004,https://boxd.it/2a88,2
2023-06-11,Spider-Man 3,2007,https://boxd.it/2a7Y,1.5
2023-06-11,The SpongeBob SquarePants Movie,2004,https://boxd.it/1SYq,2.5
2023-06-11,Strawberry Shortcut,1991,https://boxd.it/fBA0,3
2023-06-11,That's So Suite Life of Hannah Montana,2006,https://boxd.it/6aci,2.5
2023-06-11,Two Heads Are Better Than None,2000,https://boxd.it/19L2,2
2023-06-11,Uptown Girls,2003,https://boxd.it/1N64,3
2023-06-11,The Wild Thornberrys Movie,2002,https://boxd.it/1Ok2,3
2023-06-11,Wizards of Waverly Place: The Movie,2009,https://boxd.it/1thQ,3
2023-06-11,X-Men Origins: Wolverine,2009,https://boxd.it/27ug,3
2023-06-11,Zoolander 2,2016,https://boxd.it/aNBE,1
2023-06-11,Zoom,2006,https://boxd.it/1OKa,1
2023-06-11,Maniac,2018,https://boxd.it/jX9y,4
2023-06-12,Being John Malkovich,1999,https://boxd.it/2ahu,4.5
2023-06-13,Steel Magnolias,1989,https://boxd.it/1Vd8,2
2023-06-14,Zombieland,2009,https://boxd.it/1En6,3
2023-06-14,The Princess Diaries,2001,https://boxd.it/1XCO,3
2023-06-15,Sinbad: Legend of the Seven Seas,2003,https://boxd.it/1Oa2,3
2023-06-15,Raya and the Last Dragon,2021,https://boxd.it/jbkI,3.5
2023-06-16,Zola,2020,https://boxd.it/jEWQ,4.5
2023-06-16,Apostle,2018,https://boxd.it/f0so,2
2023-06-16,Ready or Not,2019,https://boxd.it/kOf0,3
2023-06-18,Hustlers,2019,https://boxd.it/jIBM,3.5
2023-06-20,Pleasantville,1998,https://boxd.it/26uY,3.5
2023-06-22,Snow White and the Seven Dwarfs,1937,https://boxd.it/2arO,2.5
2023-06-22,Alice in Wonderland,1951,https://boxd.it/1Sz6,3
2023-06-22,Peter Pan,1953,https://boxd.it/1VCC,3
2023-06-22,Cinderella,1950,https://boxd.it/1Uki,3
2023-06-22,Fantasia,1940,https://boxd.it/29HG,2.5
2023-06-22,2001: A Space Odyssey,1968,https://boxd.it/2bf0,1
2023-06-23,The Other Woman,2014,https://boxd.it/5Q3U,1.5
2023-06-23,House of Gucci,2021,https://boxd.it/nVkC,1.5
2023-06-25,The Rocky Horror Picture Show,1975,https://boxd.it/1a3q,4.5
2023-06-25,The Last Days of Disco,1998,https://boxd.it/1JpQ,4.5
2023-06-27,Constantine,2005,https://boxd.it/2a7E,3
2023-06-27,Pitch Perfect,2012,https://boxd.it/3OsE,3
2023-06-27,Bridge to Terabithia,2007,https://boxd.it/28YG,2.5
2023-06-27,D.E.B.S.,2004,https://boxd.it/2aaS,2.5
2023-06-27,Spider-Man: Across the Spider-Verse,2023,https://boxd.it/kSz4,4.5
2023-06-29,Bodies Bodies Bodies,2022,https://boxd.it/iRcE,3.5
2023-06-29,Mars Attacks!,1996,https://boxd.it/2bd4,3.5
2023-06-29,The Book of Life,2014,https://boxd.it/6JKY,3
2023-06-29,Trigun: Badlands Rumble,2010,https://boxd.it/Aoi,3.5
2023-06-30,Snowpiercer,2013,https://boxd.it/3Icg,3.5
2023-07-01,Renfield,2023,https://boxd.it/o8vy,2.5
2023-07-02,Punch-Drunk Love,2002,https://boxd.it/20E4,5
2023-07-02,Daria in 'Is It Fall Yet?',2000,https://boxd.it/Ras,4
2023-07-02,Rebels of the Neon God,1992,https://boxd.it/mp2,3
2023-07-02,It's a Boy Girl Thing,2006,https://boxd.it/17F2,3
2023-07-03,Ace Ventura: Pet Detective,1994,https://boxd.it/25RW,0.5
2023-07-03,Girl 6,1996,https://boxd.it/cXS,2.5
2023-07-04,Nimona,2023,https://boxd.it/Aiyc,4
2023-07-04,The Voices,2014,https://boxd.it/7b3S,2.5
2023-07-06,Hunt for the Wilderpeople,2016,https://boxd.it/cTgG,3
2023-07-06,The Handmaiden,2016,https://boxd.it/948A,5
2023-07-07,65,2023,https://boxd.it/qbus,2.5
2023-07-07,Baccano!,2007,https://boxd.it/pnSu,5
2023-07-07,Silent Night,2021,https://boxd.it/oJXE,1.5
2023-07-07,Us Again,2021,https://boxd.it/thCe,3.5
2023-07-07,Sundown,2020,https://boxd.it/sGeO,5
2023-07-07,Black Lagoon,2006,https://boxd.it/rb0Y,4
2023-07-07,Elfen Lied,2004,https://boxd.it/pDma,3.5
2023-07-07,Dead Leaves,2004,https://boxd.it/1L54,2.5
2023-07-07,Emma.,2020,https://boxd.it/kmg0,5
2023-07-08,Daria in 'Is It College Yet?',2002,https://boxd.it/1y3a,4
2023-07-08,Twelve Monkeys,1995,https://boxd.it/2beQ,2
2023-07-08,The Greatest Showman,2017,https://boxd.it/acjI,1.5
2023-07-08,Minions,2015,https://boxd.it/6jCO,2
2023-07-08,The Oranges,2011,https://boxd.it/39gC,1
2023-07-08,V for Vendetta,2005,https://boxd.it/29Ik,2.5
2023-07-08,Destino,2003,https://boxd.it/1cMM,3
2023-07-08,Far from the Tree,2021,https://boxd.it/vmgc,4.5
2023-07-09,27 Dresses,2008,https://boxd.it/21x4,2
2023-07-09,Wolfwalkers,2020,https://boxd.it/fGrC,4.5
2023-07-09,Shrek,2001,https://boxd.it/29zi,3
2023-07-09,Shrek 2,2004,https://boxd.it/29z8,3.5
2023-07-09,Shrek the Third,2007,https://boxd.it/29yY,3
2023-07-09,Scared Shrekless,2010,https://boxd.it/InW,1.5
2023-07-09,The Princess and the Frog,2009,https://boxd.it/1WQq,4
2023-07-09,Despicable Me,2010,https://boxd.it/1DD8,3
2023-07-09,Cars,2006,https://boxd.it/29ho,2.5
2023-07-10,Dungeons & Dragons: Honor Among Thieves,2023,https://boxd.it/hN1A,3.5
2023-07-10,Triple Frontier,2019,https://boxd.it/dZUO,2
2023-07-10,James Acaster: Repertoire,2018,https://boxd.it/iFXy,4
2023-07-10,The Stepford Wives,2004,https://boxd.it/1XBc,2.5
2023-07-10,The Stepford Wives,1975,https://boxd.it/1Sfq,4
2023-07-11,Uncut Gems,2019,https://boxd.it/gXGc,3.5
2023-07-14,Pan's Labyrinth,2006,https://boxd.it/28No,3.5
2023-07-15,Good Time,2017,https://boxd.it/fcFu,4
2023-07-15,Damsel,2018,https://boxd.it/eBqs,2
2023-07-17,Carnage,2011,https://boxd.it/2peU,3
2023-07-17,Blade Runner 2049,2017,https://boxd.it/b8wK,3
2023-07-17,Se7en,1995,https://boxd.it/29zs,2
2023-07-17,Igby Goes Down,2002,https://boxd.it/1Y3A,3.5
2023-07-20,"Lock, Stock and Two Smoking Barrels",1998,https://boxd.it/2b92,3.5
2023-07-21,mid90s,2018,https://boxd.it/fxIa,3.5
2023-07-22,My Favorite Shapes by Julio Torres,2019,https://boxd.it/mDMm,3
2023-07-22,Airplane!,1980,https://boxd.it/29yu,3
2023-07-23,Lars and the Real Girl,2007,https://boxd.it/21tG,4
2023-07-23,World of Tomorrow,2015,https://boxd.it/9Gr6,4
2023-07-24,Groundhog Day,1993,https://boxd.it/2b3e,2.5
2023-07-24,Dirty Dancing,1987,https://boxd.it/2baY,2
2023-07-24,50 First Dates,2004,https://boxd.it/285c,2
2023-07-25,Hot Fuzz,2007,https://boxd.it/2416,3.5
2023-07-30,Oppenheimer,2023,https://boxd.it/wUow,4
2023-07-31,Barbie,2023,https://boxd.it/bCLK,4.5
2023-08-01,The Bling Ring,2013,https://boxd.it/3lPY,2
2023-08-02,How to Blow Up a Pipeline,2022,https://boxd.it/C69e,4
2023-08-02,Charlie's Angels,2000,https://boxd.it/24v6,3
2023-08-03,They Cloned Tyrone,2023,https://boxd.it/rE7a,3.5
